cross1,cross2,rel
BUNDESBANK.BBK01_WT5511,BCB.UDJIAD1,0.345194567977274
AUDCAD,BCB.UDJIAD1,0.438731721724506
AUDCHF,BCB.UDJIAD1,-0.408049631727986
AUDJPY,BCB.UDJIAD1,0.66653964993955
AUDNZD,BCB.UDJIAD1,-0.47875165552578
AUDUSD,BCB.UDJIAD1,0.168164236108264
CADCHF,BCB.UDJIAD1,-0.58183767750966
CADJPY,BCB.UDJIAD1,0.349565486355841
CHFJPY,BCB.UDJIAD1,0.882506542049949
EURAUD,BCB.UDJIAD1,-0.474647804275746
EURCAD,BCB.UDJIAD1,-0.321125289605484
EURCHF,BCB.UDJIAD1,-0.651765081995758
EURGBP,BCB.UDJIAD1,-0.181366736482182
EURJPY,BCB.UDJIAD1,0.142390612756278
EURNZD,BCB.UDJIAD1,-0.744368599628696
EURUSD,BCB.UDJIAD1,-0.330171980635516
GBPAUD,BCB.UDJIAD1,-0.224418044486586
GBPCAD,BCB.UDJIAD1,-0.051631275357483
GBPCHF,BCB.UDJIAD1,-0.371449671001819
GBPJPY,BCB.UDJIAD1,0.147578941112016
GBPNZD,BCB.UDJIAD1,-0.485701833064715
GBPUSD,BCB.UDJIAD1,-0.122646675134666
NZDCAD,BCB.UDJIAD1,0.764027997718904
NZDCHF,BCB.UDJIAD1,-0.0838092795830112
NZDJPY,BCB.UDJIAD1,0.715446016438367
NZDUSD,BCB.UDJIAD1,0.540976132014845
USDCAD,BCB.UDJIAD1,0.0885506663383571
USDCHF,BCB.UDJIAD1,-0.517566281984107
USDJPY,BCB.UDJIAD1,0.344822376824375
DOE.RWTC,BCB.UDJIAD1,0.156282473181139
LBMA.SILVER,BCB.UDJIAD1,0.178793745178781
LPPM.PLAT,BCB.UDJIAD1,0.060173509791691
NASDAQOMX.NDX,BCB.UDJIAD1,0.941261793257618
NIKKEI.INDEX,BCB.UDJIAD1,0.888277235733497
OFDP.COPPER_6,BCB.UDJIAD1,-0.869364427764239
WSJ.CORN_2,BCB.UDJIAD1,-0.0240781996835484
YAHOO.INDEX_AORD,BCB.UDJIAD1,0.628308781208111
YAHOO.INDEX_FCHI,BCB.UDJIAD1,0.372284226525757
YAHOO.INDEX_GDAXI,BCB.UDJIAD1,0.956098430993567
YAHOO.INDEX_GSPC,BCB.UDJIAD1,0.988986825624884
YAHOO.INDEX_GSPTSE,BCB.UDJIAD1,0.811487869556607
YAHOO.INDEX_SSEC,BCB.UDJIAD1,0.299287419274904
BCB.UDJIAD1,BUNDESBANK.BBK01_WT5511,0.345194567977274
AUDCAD,BUNDESBANK.BBK01_WT5511,0.786757544630967
AUDCHF,BUNDESBANK.BBK01_WT5511,-0.135029018997051
AUDJPY,BUNDESBANK.BBK01_WT5511,-0.0509412399408089
AUDNZD,BUNDESBANK.BBK01_WT5511,0.513496075955722
AUDUSD,BUNDESBANK.BBK01_WT5511,0.790841572304065
CADCHF,BUNDESBANK.BBK01_WT5511,-0.583335601976198
CADJPY,BUNDESBANK.BBK01_WT5511,-0.517311318902313
CHFJPY,BUNDESBANK.BBK01_WT5511,0.0829021449866502
EURAUD,BUNDESBANK.BBK01_WT5511,-0.79024162616938
EURCAD,BUNDESBANK.BBK01_WT5511,-0.583679492528592
EURCHF,BUNDESBANK.BBK01_WT5511,-0.785493851185663
EURGBP,BUNDESBANK.BBK01_WT5511,0.67260595690005
EURJPY,BUNDESBANK.BBK01_WT5511,-0.70220712177208
EURNZD,BUNDESBANK.BBK01_WT5511,-0.483621753992127
EURUSD,BUNDESBANK.BBK01_WT5511,0.0871815448080745
GBPAUD,BUNDESBANK.BBK01_WT5511,-0.940353385057551
GBPCAD,BUNDESBANK.BBK01_WT5511,-0.871088454086745
GBPCHF,BUNDESBANK.BBK01_WT5511,-0.883208799865146
GBPJPY,BUNDESBANK.BBK01_WT5511,-0.788512924458559
GBPNZD,BUNDESBANK.BBK01_WT5511,-0.874900301052928
GBPUSD,BUNDESBANK.BBK01_WT5511,-0.635525371976325
NZDCAD,BUNDESBANK.BBK01_WT5511,0.199116650069325
NZDCHF,BUNDESBANK.BBK01_WT5511,-0.531360773833488
NZDJPY,BUNDESBANK.BBK01_WT5511,-0.268605196904508
NZDUSD,BUNDESBANK.BBK01_WT5511,0.622968360311988
USDCAD,BUNDESBANK.BBK01_WT5511,-0.539074739264983
USDCHF,BUNDESBANK.BBK01_WT5511,-0.903372251923369
USDJPY,BUNDESBANK.BBK01_WT5511,-0.710208796729498
DOE.RWTC,BUNDESBANK.BBK01_WT5511,0.510176767287725
LBMA.SILVER,BUNDESBANK.BBK01_WT5511,0.911431010479529
LPPM.PLAT,BUNDESBANK.BBK01_WT5511,0.624840732035531
NASDAQOMX.NDX,BUNDESBANK.BBK01_WT5511,0.482462574300979
NIKKEI.INDEX,BUNDESBANK.BBK01_WT5511,-0.851278150676787
OFDP.COPPER_6,BUNDESBANK.BBK01_WT5511,0.859627592446831
WSJ.CORN_2,BUNDESBANK.BBK01_WT5511,0.732625857918351
YAHOO.INDEX_AORD,BUNDESBANK.BBK01_WT5511,-0.137758479561694
YAHOO.INDEX_FCHI,BUNDESBANK.BBK01_WT5511,-0.559244000594737
YAHOO.INDEX_GDAXI,BUNDESBANK.BBK01_WT5511,0.374145593965471
YAHOO.INDEX_GSPC,BUNDESBANK.BBK01_WT5511,0.236355659299411
YAHOO.INDEX_GSPTSE,BUNDESBANK.BBK01_WT5511,0.328048042118413
YAHOO.INDEX_SSEC,BUNDESBANK.BBK01_WT5511,0.113424188090926
BCB.UDJIAD1,AUDCAD,0.438731721724506
BUNDESBANK.BBK01_WT5511,AUDCAD,0.786757544630967
AUDCHF,AUDCAD,0.0377641493439229
AUDJPY,AUDCAD,0.218031360155954
AUDNZD,AUDCAD,0.277390869212405
AUDUSD,AUDCAD,0.814496283971372
CADCHF,AUDCAD,-0.571443469877781
CADJPY,AUDCAD,-0.3947551443527
CHFJPY,AUDCAD,0.174503304573686
EURAUD,AUDCAD,-0.849901604312638
EURCAD,AUDCAD,-0.428180733062395
EURCHF,AUDCAD,-0.692317582634951
EURGBP,AUDCAD,0.387722316690393
EURJPY,AUDCAD,-0.51534581525966
EURNZD,AUDCAD,-0.691246356383083
EURUSD,AUDCAD,0.0908613044718128
GBPAUD,AUDCAD,-0.796396470582382
GBPCAD,AUDCAD,-0.542208632215409
GBPCHF,AUDCAD,-0.668188391332966
GBPJPY,AUDCAD,-0.535031325028299
GBPNZD,AUDCAD,-0.834255861122395
GBPUSD,AUDCAD,-0.349907394278589
NZDCAD,AUDCAD,0.568657810709413
NZDCHF,AUDCAD,-0.179824116094674
NZDJPY,AUDCAD,0.0311303281404326
NZDUSD,AUDCAD,0.807637794137895
USDCAD,AUDCAD,-0.416457917577049
USDCHF,AUDCAD,-0.799922903841726
USDJPY,AUDCAD,-0.534128024805342
DOE.RWTC,AUDCAD,0.491804294998716
LBMA.SILVER,AUDCAD,0.763781276102517
LPPM.PLAT,AUDCAD,0.519079568478838
NASDAQOMX.NDX,AUDCAD,0.499788954901389
NIKKEI.INDEX,AUDCAD,-0.637051096392616
OFDP.COPPER_6,AUDCAD,0.652341627790448
WSJ.CORN_2,AUDCAD,0.675405281471311
YAHOO.INDEX_AORD,AUDCAD,-0.0256196394700131
YAHOO.INDEX_FCHI,AUDCAD,-0.36172890776148
YAHOO.INDEX_GDAXI,AUDCAD,0.373762443163822
YAHOO.INDEX_GSPC,AUDCAD,0.356478541824443
YAHOO.INDEX_GSPTSE,AUDCAD,0.390280587074505
YAHOO.INDEX_SSEC,AUDCAD,-0.00531387034593742
BCB.UDJIAD1,AUDCHF,-0.408049631727986
BUNDESBANK.BBK01_WT5511,AUDCHF,-0.135029018997051
AUDCAD,AUDCHF,0.0377641493439229
AUDJPY,AUDCHF,0.218281085843343
AUDNZD,AUDCHF,0.380130381906714
AUDUSD,AUDCHF,0.402288929268364
CADCHF,AUDCHF,0.797024128314338
CADJPY,AUDCHF,0.218833568871872
CHFJPY,AUDCHF,-0.605809967327351
EURAUD,AUDCHF,-0.178774808996704
EURCAD,AUDCHF,-0.257220347194785
EURCHF,AUDCHF,0.553683764865005
EURGBP,AUDCHF,-0.162967532187707
EURJPY,AUDCHF,0.0785043951260196
EURNZD,AUDCHF,0.0233968779346972
EURUSD,AUDCHF,0.408225901013715
GBPAUD,AUDCHF,0.0146478738786334
GBPCAD,AUDCHF,0.0189463376292124
GBPCHF,AUDCHF,0.491057545746818
GBPJPY,AUDCHF,0.154832959832906
GBPNZD,AUDCHF,0.174522478949188
GBPUSD,AUDCHF,0.523375982331481
NZDCAD,AUDCHF,-0.319217578120729
NZDCHF,AUDCHF,0.725304816038136
NZDJPY,AUDCHF,-0.0479469489383108
NZDUSD,AUDCHF,0.221665986178222
USDCAD,AUDCHF,-0.613415887488721
USDCHF,AUDCHF,0.355518632610249
USDJPY,AUDCHF,-0.200737578629934
DOE.RWTC,AUDCHF,0.365496031608908
LBMA.SILVER,AUDCHF,0.10409143069019
LPPM.PLAT,AUDCHF,0.37573480894877
NASDAQOMX.NDX,AUDCHF,-0.587318479003911
NIKKEI.INDEX,AUDCHF,-0.870231366542008
OFDP.COPPER_6,AUDCHF,0.848073477586232
WSJ.CORN_2,AUDCHF,0.381650853629882
YAHOO.INDEX_AORD,AUDCHF,0.105836790848609
YAHOO.INDEX_FCHI,AUDCHF,0.151060999799071
YAHOO.INDEX_GDAXI,AUDCHF,-0.475439558560088
YAHOO.INDEX_GSPC,AUDCHF,-0.437410431636448
YAHOO.INDEX_GSPTSE,AUDCHF,-0.0866582229813364
YAHOO.INDEX_SSEC,AUDCHF,-0.0118015890899947
BCB.UDJIAD1,AUDJPY,0.66653964993955
BUNDESBANK.BBK01_WT5511,AUDJPY,-0.0509412399408089
AUDCAD,AUDJPY,0.218031360155954
AUDCHF,AUDJPY,0.218281085843343
AUDNZD,AUDJPY,-0.40025458944673
AUDUSD,AUDJPY,0.215245500422664
CADCHF,AUDJPY,0.0651015763887768
CADJPY,AUDJPY,0.807834405912424
CHFJPY,AUDJPY,0.637845992481718
EURAUD,AUDJPY,-0.259736394287866
EURCAD,AUDJPY,-0.151889758180996
EURCHF,AUDJPY,-0.0109588097250279
EURGBP,AUDJPY,-0.412006946985218
EURJPY,AUDJPY,0.617350793002714
EURNZD,AUDJPY,-0.488914487804929
EURUSD,AUDJPY,0.110349522709919
GBPAUD,AUDJPY,0.0811981457482364
GBPCAD,AUDJPY,0.242168870931837
GBPCHF,AUDJPY,0.202113893566098
GBPJPY,AUDJPY,0.580388596006897
GBPNZD,AUDJPY,-0.0877668045033186
GBPUSD,AUDJPY,0.489714745595842
NZDCAD,AUDJPY,0.50446457313559
NZDCHF,AUDJPY,0.49357811571627
NZDJPY,AUDJPY,0.891339476975693
NZDUSD,AUDJPY,0.544175362614092
USDCAD,AUDJPY,-0.197832558557023
USDCHF,AUDJPY,-0.093021619055087
USDJPY,AUDJPY,0.517580768730478
DOE.RWTC,AUDJPY,0.355820025380308
LBMA.SILVER,AUDJPY,-0.024934996924111
LPPM.PLAT,AUDJPY,0.241022615103793
NASDAQOMX.NDX,AUDJPY,0.433835774934704
NIKKEI.INDEX,AUDJPY,-0.280082343709539
OFDP.COPPER_6,AUDJPY,-0.538121616691314
WSJ.CORN_2,AUDJPY,0.0194361885678003
YAHOO.INDEX_AORD,AUDJPY,0.859953294166628
YAHOO.INDEX_FCHI,AUDJPY,0.706685213974165
YAHOO.INDEX_GDAXI,AUDJPY,0.602098922043617
YAHOO.INDEX_GSPC,AUDJPY,0.673400399207454
YAHOO.INDEX_GSPTSE,AUDJPY,0.777485342457406
YAHOO.INDEX_SSEC,AUDJPY,0.386814891157758
BCB.UDJIAD1,AUDNZD,-0.47875165552578
BUNDESBANK.BBK01_WT5511,AUDNZD,0.513496075955722
AUDCAD,AUDNZD,0.277390869212405
AUDCHF,AUDNZD,0.380130381906714
AUDJPY,AUDNZD,-0.40025458944673
AUDUSD,AUDNZD,0.58882149415635
CADCHF,AUDNZD,0.132259632080349
CADJPY,AUDNZD,-0.523025121620373
CHFJPY,AUDNZD,-0.620377571109085
EURAUD,AUDNZD,-0.303614433625252
EURCAD,AUDNZD,-0.288942940360105
EURCHF,AUDNZD,-0.0305514732796952
EURGBP,AUDNZD,0.638794093128185
EURJPY,AUDNZD,-0.565832622650398
EURNZD,AUDNZD,0.280754993845884
EURUSD,AUDNZD,0.428853127098001
GBPAUD,AUDNZD,-0.573928131084013
GBPCAD,AUDNZD,-0.660324457557437
GBPCHF,AUDNZD,-0.335335636989897
GBPJPY,AUDNZD,-0.651996309279857
GBPNZD,AUDNZD,-0.211581945123081
GBPUSD,AUDNZD,-0.287300402239323
NZDCAD,AUDNZD,-0.63034444486549
NZDCHF,AUDNZD,-0.358681130651672
NZDJPY,AUDNZD,-0.769273910961539
NZDUSD,AUDNZD,0.0323678720146555
USDCAD,AUDNZD,-0.642901018631865
USDCHF,AUDNZD,-0.293319207180146
USDJPY,AUDNZD,-0.795970115461141
DOE.RWTC,AUDNZD,0.414411450589582
LBMA.SILVER,AUDNZD,0.633363266780637
LPPM.PLAT,AUDNZD,0.600219591744658
NASDAQOMX.NDX,AUDNZD,-0.370763283619895
NIKKEI.INDEX,AUDNZD,-0.675026588810023
OFDP.COPPER_6,AUDNZD,0.843547043712654
WSJ.CORN_2,AUDNZD,0.529704066516849
YAHOO.INDEX_AORD,AUDNZD,-0.417527760464158
YAHOO.INDEX_FCHI,AUDNZD,-0.571450805400539
YAHOO.INDEX_GDAXI,AUDNZD,-0.393355882815
YAHOO.INDEX_GSPC,AUDNZD,-0.563902131095754
YAHOO.INDEX_GSPTSE,AUDNZD,-0.20048439486059
YAHOO.INDEX_SSEC,AUDNZD,0.0418250939747019
BCB.UDJIAD1,AUDUSD,0.168164236108264
BUNDESBANK.BBK01_WT5511,AUDUSD,0.790841572304065
AUDCAD,AUDUSD,0.814496283971372
AUDCHF,AUDUSD,0.402288929268364
AUDJPY,AUDUSD,0.215245500422664
AUDNZD,AUDUSD,0.58882149415635
CADCHF,AUDUSD,-0.158816542684602
CADJPY,AUDUSD,-0.269648750290536
CHFJPY,AUDUSD,-0.133638368262073
EURAUD,AUDUSD,-0.795878831649441
EURCAD,AUDUSD,-0.538600776865623
EURCHF,AUDUSD,-0.397692480606045
EURGBP,AUDUSD,0.515704507768768
EURJPY,AUDUSD,-0.46138069151247
EURNZD,AUDUSD,-0.457241851462041
EURUSD,AUDUSD,0.462275474288873
GBPAUD,AUDUSD,-0.82804461264074
GBPCAD,AUDUSD,-0.704103883680571
GBPCHF,AUDUSD,-0.520758072104836
GBPJPY,AUDUSD,-0.549383911421966
GBPNZD,AUDUSD,-0.717996191347947
GBPUSD,AUDUSD,-0.162969628418359
NZDCAD,AUDUSD,0.143330125911533
NZDCHF,AUDUSD,-0.0444023343919227
NZDJPY,AUDUSD,-0.131643261676698
NZDUSD,AUDUSD,0.825409943723207
USDCAD,AUDUSD,-0.862998999697033
USDCHF,AUDUSD,-0.707301462053081
USDJPY,AUDUSD,-0.717469446034277
DOE.RWTC,AUDUSD,0.78599484107851
LBMA.SILVER,AUDUSD,0.876423491860794
LPPM.PLAT,AUDUSD,0.833511541381022
NASDAQOMX.NDX,AUDUSD,0.159503130940951
NIKKEI.INDEX,AUDUSD,-0.918308199643673
OFDP.COPPER_6,AUDUSD,0.908427972168832
WSJ.CORN_2,AUDUSD,0.781637179446027
YAHOO.INDEX_AORD,AUDUSD,0.0272646133521062
YAHOO.INDEX_FCHI,AUDUSD,-0.35032173424601
YAHOO.INDEX_GDAXI,AUDUSD,0.139995473192481
YAHOO.INDEX_GSPC,AUDUSD,0.0554158861760202
YAHOO.INDEX_GSPTSE,AUDUSD,0.356463590793448
YAHOO.INDEX_SSEC,AUDUSD,0.10902954777238
BCB.UDJIAD1,CADCHF,-0.58183767750966
BUNDESBANK.BBK01_WT5511,CADCHF,-0.583335601976198
AUDCAD,CADCHF,-0.571443469877781
AUDCHF,CADCHF,0.797024128314338
AUDJPY,CADCHF,0.0651015763887768
AUDNZD,CADCHF,0.132259632080349
AUDUSD,CADCHF,-0.158816542684602
CADJPY,CADCHF,0.434902680305329
CHFJPY,CADCHF,-0.587389467822399
EURAUD,CADCHF,0.356723308340761
EURCAD,CADCHF,0.0326528582840925
EURCHF,CADCHF,0.865335891074671
EURGBP,CADCHF,-0.382493756656179
EURJPY,CADCHF,0.382702206530352
EURNZD,CADCHF,0.419658576332336
EURUSD,CADCHF,0.272566047371744
GBPAUD,CADCHF,0.495979010313187
GBPCAD,CADCHF,0.346330889038119
GBPCHF,CADCHF,0.810619139217296
GBPJPY,CADCHF,0.461854313634822
GBPNZD,CADCHF,0.644916570827966
GBPUSD,CADCHF,0.648930096377948
NZDCAD,CADCHF,-0.595008977615274
NZDCHF,CADCHF,0.712316690720107
NZDJPY,CADCHF,-0.0400147432011325
NZDUSD,CADCHF,-0.293932720973612
USDCAD,CADCHF,-0.256117376847993
USDCHF,CADCHF,0.772641461825385
USDJPY,CADCHF,0.16949485517079
DOE.RWTC,CADCHF,0.00859750273723712
LBMA.SILVER,CADCHF,-0.370432301818364
LPPM.PLAT,CADCHF,-0.00567709816394682
NASDAQOMX.NDX,CADCHF,-0.769813571515952
NIKKEI.INDEX,CADCHF,-0.828902725026833
OFDP.COPPER_6,CADCHF,0.807801463759703
WSJ.CORN_2,CADCHF,-0.0490482933284679
YAHOO.INDEX_AORD,CADCHF,0.120352175022386
YAHOO.INDEX_FCHI,CADCHF,0.359214829575303
YAHOO.INDEX_GDAXI,CADCHF,-0.601255202579276
YAHOO.INDEX_GSPC,CADCHF,-0.5556205064904
YAHOO.INDEX_GSPTSE,CADCHF,-0.288632990313895
YAHOO.INDEX_SSEC,CADCHF,-0.00538214132960857
BCB.UDJIAD1,CADJPY,0.349565486355841
BUNDESBANK.BBK01_WT5511,CADJPY,-0.517311318902313
AUDCAD,CADJPY,-0.3947551443527
AUDCHF,CADJPY,0.218833568871872
AUDJPY,CADJPY,0.807834405912424
AUDNZD,CADJPY,-0.523025121620373
AUDUSD,CADJPY,-0.269648750290536
CADCHF,CADJPY,0.434902680305329
CHFJPY,CADJPY,0.468473320062826
EURAUD,CADJPY,0.247939903630236
EURCAD,CADJPY,0.0838424018398846
EURCHF,CADJPY,0.416402953550767
EURGBP,CADJPY,-0.63945481606268
EURJPY,CADJPY,0.878958650807125
EURNZD,CADJPY,-0.0528522712688922
EURUSD,CADJPY,0.0505973326844812
GBPAUD,CADJPY,0.556307005984932
GBPCAD,CADJPY,0.5532453898381
GBPCHF,CADJPY,0.64030711217822
GBPJPY,CADJPY,0.87103114387189
GBPNZD,CADJPY,0.428064997036396
GBPUSD,CADJPY,0.691723959042437
NZDCAD,CADJPY,0.113355204220357
NZDCHF,CADJPY,0.592235131856612
NZDJPY,CADJPY,0.808573585475204
NZDUSD,CADJPY,0.032210680641788
USDCAD,CADJPY,0.038189041364408
USDCHF,CADJPY,0.404519462511638
USDJPY,CADJPY,0.795785433311803
DOE.RWTC,CADJPY,0.0468732692797873
LBMA.SILVER,CADJPY,-0.465712621072637
LPPM.PLAT,CADJPY,-0.0757862713941369
NASDAQOMX.NDX,CADJPY,0.088538073879936
NIKKEI.INDEX,CADJPY,0.29983405478156
OFDP.COPPER_6,CADJPY,-0.702391269958944
WSJ.CORN_2,CADJPY,-0.334172742197978
YAHOO.INDEX_AORD,CADJPY,0.826790954147474
YAHOO.INDEX_FCHI,CADJPY,0.888854154526029
YAHOO.INDEX_GDAXI,CADJPY,0.323800475824685
YAHOO.INDEX_GSPC,CADJPY,0.404226011563935
YAHOO.INDEX_GSPTSE,CADJPY,0.493905207503597
YAHOO.INDEX_SSEC,CADJPY,0.370884557094632
BCB.UDJIAD1,CHFJPY,0.882506542049949
BUNDESBANK.BBK01_WT5511,CHFJPY,0.0829021449866502
AUDCAD,CHFJPY,0.174503304573686
AUDCHF,CHFJPY,-0.605809967327351
AUDJPY,CHFJPY,0.637845992481718
AUDNZD,CHFJPY,-0.620377571109085
AUDUSD,CHFJPY,-0.133638368262073
CADCHF,CHFJPY,-0.587389467822399
CADJPY,CHFJPY,0.468473320062826
EURAUD,CHFJPY,-0.118250916074735
EURCAD,CHFJPY,0.0288511882075549
EURCHF,CHFJPY,-0.48101883079703
EURGBP,CHFJPY,-0.229878850779906
EURJPY,CHFJPY,0.40357492757721
EURNZD,CHFJPY,-0.462369761685007
EURUSD,CHFJPY,-0.283421002620577
GBPAUD,CHFJPY,0.0368326636864301
GBPCAD,CHFJPY,0.173687318318936
GBPCHF,CHFJPY,-0.174420822435984
GBPJPY,CHFJPY,0.336956076391306
GBPNZD,CHFJPY,-0.230633930405901
GBPUSD,CHFJPY,-0.0351916288974032
NZDCAD,CHFJPY,0.678896129233052
NZDCHF,CHFJPY,-0.17254145219622
NZDJPY,CHFJPY,0.759344300720616
NZDUSD,CHFJPY,0.272121727612178
USDCAD,CHFJPY,0.332941480392002
USDCHF,CHFJPY,-0.363456650368297
USDJPY,CHFJPY,0.576249561281107
DOE.RWTC,CHFJPY,-0.020197809824964
LBMA.SILVER,CHFJPY,-0.0897548877963183
LPPM.PLAT,CHFJPY,-0.104720350300428
NASDAQOMX.NDX,CHFJPY,0.843585776061339
NIKKEI.INDEX,CHFJPY,0.925648784123435
OFDP.COPPER_6,CHFJPY,-0.850494104163716
WSJ.CORN_2,CHFJPY,-0.276574084585465
YAHOO.INDEX_AORD,CHFJPY,0.615551513287881
YAHOO.INDEX_FCHI,CHFJPY,0.457002738827006
YAHOO.INDEX_GDAXI,CHFJPY,0.884954015982389
YAHOO.INDEX_GSPC,CHFJPY,0.91253538220202
YAHOO.INDEX_GSPTSE,CHFJPY,0.717016049468674
YAHOO.INDEX_SSEC,CHFJPY,0.332655320939547
BCB.UDJIAD1,EURAUD,-0.474647804275746
BUNDESBANK.BBK01_WT5511,EURAUD,-0.79024162616938
AUDCAD,EURAUD,-0.849901604312638
AUDCHF,EURAUD,-0.178774808996704
AUDJPY,EURAUD,-0.259736394287866
AUDNZD,EURAUD,-0.303614433625252
AUDUSD,EURAUD,-0.795878831649441
CADCHF,EURAUD,0.356723308340761
CADJPY,EURAUD,0.247939903630236
CHFJPY,EURAUD,-0.118250916074735
EURCAD,EURAUD,0.834591323988833
EURCHF,EURAUD,0.716038811363154
EURGBP,EURAUD,-0.23368281521646
EURJPY,EURAUD,0.592405958383523
EURNZD,EURAUD,0.827991018458751
EURUSD,EURAUD,0.152338146210809
GBPAUD,EURAUD,0.79827480750898
GBPCAD,EURAUD,0.639460072302698
GBPCHF,EURAUD,0.602813247514926
GBPJPY,EURAUD,0.505081869000833
GBPNZD,EURAUD,0.82765500130353
GBPUSD,EURAUD,0.388721197064098
NZDCAD,EURAUD,-0.419233993341105
NZDCHF,EURAUD,0.0640026877009491
NZDJPY,EURAUD,-0.0482488591992686
NZDUSD,EURAUD,-0.758867471801533
USDCAD,EURAUD,0.515143118303376
USDCHF,EURAUD,0.673368266444934
USDJPY,EURAUD,0.469545813089161
DOE.RWTC,EURAUD,-0.453184540096427
LBMA.SILVER,EURAUD,-0.771991947673322
LPPM.PLAT,EURAUD,-0.514977742832937
NASDAQOMX.NDX,EURAUD,-0.511112947683183
NIKKEI.INDEX,EURAUD,0.491935146877617
OFDP.COPPER_6,EURAUD,-0.668422055542797
WSJ.CORN_2,EURAUD,-0.630914322780494
YAHOO.INDEX_AORD,EURAUD,-0.0707064163044378
YAHOO.INDEX_FCHI,EURAUD,0.242990331329129
YAHOO.INDEX_GDAXI,EURAUD,-0.422185213867317
YAHOO.INDEX_GSPC,EURAUD,-0.393477228782688
YAHOO.INDEX_GSPTSE,EURAUD,-0.448039540527706
YAHOO.INDEX_SSEC,EURAUD,-0.0245027888965723
BCB.UDJIAD1,EURCAD,-0.321125289605484
BUNDESBANK.BBK01_WT5511,EURCAD,-0.583679492528592
AUDCAD,EURCAD,-0.428180733062395
AUDCHF,EURCAD,-0.257220347194785
AUDJPY,EURCAD,-0.151889758180996
AUDNZD,EURCAD,-0.288942940360105
AUDUSD,EURCAD,-0.538600776865623
CADCHF,EURCAD,0.0326528582840925
CADJPY,EURCAD,0.0838424018398846
CHFJPY,EURCAD,0.0288511882075549
EURAUD,EURCAD,0.834591323988833
EURCHF,EURCAD,0.527896607013849
EURGBP,EURCAD,-0.0472246680952088
EURJPY,EURCAD,0.545968148270701
EURNZD,EURCAD,0.672606149948611
EURUSD,EURCAD,0.355456273658207
GBPAUD,EURCAD,0.574495266813263
GBPCAD,EURCAD,0.58138383735872
GBPCHF,EURCAD,0.376970136375533
GBPJPY,EURCAD,0.374672082130278
GBPNZD,EURCAD,0.565252342917377
GBPUSD,EURCAD,0.350634605123703
NZDCAD,EURCAD,-0.0864733043693087
NZDCHF,EURCAD,-0.0259457897721442
NZDJPY,EURCAD,0.0241978935686293
NZDUSD,EURCAD,-0.447088956791541
USDCAD,EURCAD,0.465145415390348
USDCHF,EURCAD,0.344131133196158
USDJPY,EURCAD,0.314312832033994
DOE.RWTC,EURCAD,-0.27027986015337
LBMA.SILVER,EURCAD,-0.576594891544575
LPPM.PLAT,EURCAD,-0.344435667432498
NASDAQOMX.NDX,EURCAD,-0.331768680484617
NIKKEI.INDEX,EURCAD,0.163741810508015
OFDP.COPPER_6,EURCAD,-0.519459220474784
WSJ.CORN_2,EURCAD,-0.499235927384183
YAHOO.INDEX_AORD,EURCAD,-0.0802804106872387
YAHOO.INDEX_FCHI,EURCAD,0.110838400493985
YAHOO.INDEX_GDAXI,EURCAD,-0.300399149291184
YAHOO.INDEX_GSPC,EURCAD,-0.259579679700673
YAHOO.INDEX_GSPTSE,EURCAD,-0.311003019211898
YAHOO.INDEX_SSEC,EURCAD,-0.0170253136884336
BCB.UDJIAD1,EURCHF,-0.651765081995758
BUNDESBANK.BBK01_WT5511,EURCHF,-0.785493851185663
AUDCAD,EURCHF,-0.692317582634951
AUDCHF,EURCHF,0.553683764865005
AUDJPY,EURCHF,-0.0109588097250279
AUDNZD,EURCHF,-0.0305514732796952
AUDUSD,EURCHF,-0.397692480606045
CADCHF,EURCHF,0.865335891074671
CADJPY,EURCHF,0.416402953550767
CHFJPY,EURCHF,-0.48101883079703
EURAUD,EURCHF,0.716038811363154
EURCAD,EURCHF,0.527896607013849
EURGBP,EURCHF,-0.3533345948875
EURJPY,EURCHF,0.60289059322281
EURNZD,EURCHF,0.689457669851455
EURUSD,EURCHF,0.414634253082194
GBPAUD,EURCHF,0.708813108846379
GBPCAD,EURCHF,0.589106227337292
GBPCHF,EURCHF,0.879400355540514
GBPJPY,EURCHF,0.585015644088226
GBPNZD,EURCHF,0.831291296689131
GBPUSD,EURCHF,0.735375948289849
NZDCAD,EURCHF,-0.543932177987598
NZDCHF,EURCHF,0.595632173697787
NZDJPY,EURCHF,-0.0157157786977995
NZDUSD,EURCHF,-0.466723091027952
USDCAD,EURCHF,0.0106891348707906
USDCHF,EURCHF,0.825600722912941
USDJPY,EURCHF,0.302756124134696
DOE.RWTC,EURCHF,-0.122101154203844
LBMA.SILVER,EURCHF,-0.597733600042605
LPPM.PLAT,EURCHF,-0.170508460380195
NASDAQOMX.NDX,EURCHF,-0.82029879681047
NIKKEI.INDEX,EURCHF,-0.863468114400742
OFDP.COPPER_6,EURCHF,0.59196555773286
WSJ.CORN_2,EURCHF,-0.30211405502237
YAHOO.INDEX_AORD,EURCHF,0.0691437673784339
YAHOO.INDEX_FCHI,EURCHF,0.36611271245878
YAHOO.INDEX_GDAXI,EURCHF,-0.658243823523539
YAHOO.INDEX_GSPC,EURCHF,-0.599447163943589
YAHOO.INDEX_GSPTSE,EURCHF,-0.394048287047306
YAHOO.INDEX_SSEC,EURCHF,-0.00557208725376325
BCB.UDJIAD1,EURGBP,-0.181366736482182
BUNDESBANK.BBK01_WT5511,EURGBP,0.67260595690005
AUDCAD,EURGBP,0.387722316690393
AUDCHF,EURGBP,-0.162967532187707
AUDJPY,EURGBP,-0.412006946985218
AUDNZD,EURGBP,0.638794093128185
AUDUSD,EURGBP,0.515704507768768
CADCHF,EURGBP,-0.382493756656179
CADJPY,EURGBP,-0.63945481606268
CHFJPY,EURGBP,-0.229878850779906
EURAUD,EURGBP,-0.23368281521646
EURCAD,EURGBP,-0.0472246680952088
EURCHF,EURGBP,-0.3533345948875
EURJPY,EURGBP,-0.562906359330094
EURNZD,EURGBP,0.156326918999746
EURUSD,EURGBP,0.431745001907336
GBPAUD,EURGBP,-0.768682588457046
GBPCAD,EURGBP,-0.83728248888226
GBPCHF,EURGBP,-0.751929996441014
GBPJPY,EURGBP,-0.847578960644286
GBPNZD,EURGBP,-0.595093361954802
GBPUSD,EURGBP,-0.66392629631264
NZDCAD,EURGBP,-0.218152258949531
NZDCHF,EURGBP,-0.634787662412201
NZDJPY,EURGBP,-0.590430961167745
NZDUSD,EURGBP,0.216279045993499
USDCAD,EURGBP,-0.452877042460553
USDCHF,EURGBP,-0.64270087672887
USDJPY,EURGBP,-0.781600738539567
DOE.RWTC,EURGBP,0.403845012893428
LBMA.SILVER,EURGBP,0.586196348393303
LPPM.PLAT,EURGBP,0.514571103405578
NASDAQOMX.NDX,EURGBP,0.0101799125644811
NIKKEI.INDEX,EURGBP,-0.923557913178191
OFDP.COPPER_6,EURGBP,0.575560482735382
WSJ.CORN_2,EURGBP,0.271806877675614
YAHOO.INDEX_AORD,EURGBP,-0.447065180689393
YAHOO.INDEX_FCHI,EURGBP,-0.764766010602018
YAHOO.INDEX_GDAXI,EURGBP,-0.0845820248760647
YAHOO.INDEX_GSPC,EURGBP,-0.27285429335725
YAHOO.INDEX_GSPTSE,EURGBP,-0.118957557319237
YAHOO.INDEX_SSEC,EURGBP,-0.00555207285017485
BCB.UDJIAD1,EURJPY,0.142390612756278
BUNDESBANK.BBK01_WT5511,EURJPY,-0.70220712177208
AUDCAD,EURJPY,-0.51534581525966
AUDCHF,EURJPY,0.0785043951260196
AUDJPY,EURJPY,0.617350793002714
AUDNZD,EURJPY,-0.565832622650398
AUDUSD,EURJPY,-0.46138069151247
CADCHF,EURJPY,0.382702206530352
CADJPY,EURJPY,0.878958650807125
CHFJPY,EURJPY,0.40357492757721
EURAUD,EURJPY,0.592405958383523
EURCAD,EURJPY,0.545968148270701
EURCHF,EURJPY,0.60289059322281
EURGBP,EURJPY,-0.562906359330094
EURNZD,EURJPY,0.268419536760173
EURUSD,EURJPY,0.230437718744495
GBPAUD,EURJPY,0.734104260078777
GBPCAD,EURJPY,0.743752726514777
GBPCHF,EURJPY,0.694509775457215
GBPJPY,EURJPY,0.911953685890199
GBPNZD,EURJPY,0.625433218300694
GBPUSD,EURJPY,0.765066823986612
NZDCAD,EURJPY,0.0616331284785454
NZDCHF,EURJPY,0.494679283383787
NZDJPY,EURJPY,0.692860824147345
NZDUSD,EURJPY,-0.167257492572636
USDCAD,EURJPY,0.236150205669178
USDCHF,EURJPY,0.493875094870711
USDJPY,EURJPY,0.808008844559807
DOE.RWTC,EURJPY,-0.0643587170518656
LBMA.SILVER,EURJPY,-0.650228018553455
LPPM.PLAT,EURJPY,-0.203166014245616
NASDAQOMX.NDX,EURJPY,-0.0847684714762573
NIKKEI.INDEX,EURJPY,0.367808065060064
OFDP.COPPER_6,EURJPY,-0.694821962607405
WSJ.CORN_2,EURJPY,-0.4882321384546
YAHOO.INDEX_AORD,EURJPY,0.662914038663994
YAHOO.INDEX_FCHI,EURJPY,0.800410731482109
YAHOO.INDEX_GDAXI,EURJPY,0.128099524629435
YAHOO.INDEX_GSPC,EURJPY,0.21634884311494
YAHOO.INDEX_GSPTSE,EURJPY,0.280734948947113
YAHOO.INDEX_SSEC,EURJPY,0.304827288397219
BCB.UDJIAD1,EURNZD,-0.744368599628696
BUNDESBANK.BBK01_WT5511,EURNZD,-0.483621753992127
AUDCAD,EURNZD,-0.691246356383083
AUDCHF,EURNZD,0.0233968779346972
AUDJPY,EURNZD,-0.488914487804929
AUDNZD,EURNZD,0.280754993845884
AUDUSD,EURNZD,-0.457241851462041
CADCHF,EURNZD,0.419658576332336
CADJPY,EURNZD,-0.0528522712688922
CHFJPY,EURNZD,-0.462369761685007
EURAUD,EURNZD,0.827991018458751
EURCAD,EURNZD,0.672606149948611
EURCHF,EURNZD,0.689457669851455
EURGBP,EURNZD,0.156326918999746
EURJPY,EURNZD,0.268419536760173
EURUSD,EURNZD,0.404709025107241
GBPAUD,EURNZD,0.455037441429735
GBPCAD,EURNZD,0.242555114474595
GBPCHF,EURNZD,0.391278183562674
GBPJPY,EURNZD,0.11954983093753
GBPNZD,EURNZD,0.697248543736804
GBPUSD,EURNZD,0.204925513718015
NZDCAD,EURNZD,-0.788918202787366
NZDCHF,EURNZD,-0.166004719039008
NZDJPY,EURNZD,-0.493870205636587
NZDUSD,EURNZD,-0.744747847623079
USDCAD,EURNZD,0.143990188564527
USDCHF,EURNZD,0.490723375676719
USDJPY,EURNZD,0.0103895552120356
DOE.RWTC,EURNZD,-0.209726131500694
LBMA.SILVER,EURNZD,-0.405211724473752
LPPM.PLAT,EURNZD,-0.160040659770873
NASDAQOMX.NDX,EURNZD,-0.712883061957035
NIKKEI.INDEX,EURNZD,-0.116515949126872
OFDP.COPPER_6,EURNZD,0.35405463575776
WSJ.CORN_2,EURNZD,-0.340165519860961
YAHOO.INDEX_AORD,EURNZD,-0.307813626438405
YAHOO.INDEX_FCHI,EURNZD,-0.0941201200131597
YAHOO.INDEX_GDAXI,EURNZD,-0.636957414018565
YAHOO.INDEX_GSPC,EURNZD,-0.712602474625458
YAHOO.INDEX_GSPTSE,EURNZD,-0.554794136721022
YAHOO.INDEX_SSEC,EURNZD,0.0125902695966985
BCB.UDJIAD1,EURUSD,-0.330171980635516
BUNDESBANK.BBK01_WT5511,EURUSD,0.0871815448080745
AUDCAD,EURUSD,0.0908613044718128
AUDCHF,EURUSD,0.408225901013715
AUDJPY,EURUSD,0.110349522709919
AUDNZD,EURUSD,0.428853127098001
AUDUSD,EURUSD,0.462275474288873
CADCHF,EURUSD,0.272566047371744
CADJPY,EURUSD,0.0505973326844812
CHFJPY,EURUSD,-0.283421002620577
EURAUD,EURUSD,0.152338146210809
EURCAD,EURUSD,0.355456273658207
EURCHF,EURUSD,0.414634253082194
EURGBP,EURUSD,0.431745001907336
EURJPY,EURUSD,0.230437718744495
EURNZD,EURUSD,0.404709025107241
GBPAUD,EURUSD,-0.149505992358038
GBPCAD,EURUSD,-0.152519820597565
GBPCHF,EURUSD,0.0747629562934139
GBPJPY,EURUSD,-0.0539710749914025
GBPNZD,EURUSD,0.0398070740006365
GBPUSD,EURUSD,0.384020143511669
NZDCAD,EURUSD,-0.2988232693034
NZDCHF,EURUSD,0.0963095846161092
NZDJPY,EURUSD,-0.144717769061148
NZDUSD,EURUSD,0.293028859219116
USDCAD,EURUSD,-0.657935344680772
USDCHF,EURUSD,-0.167891499293207
USDJPY,EURUSD,-0.383416616594244
DOE.RWTC,EURUSD,0.648421382119607
LBMA.SILVER,EURUSD,0.246049717211592
LPPM.PLAT,EURUSD,0.634692401615123
NASDAQOMX.NDX,EURUSD,-0.420766560447862
NIKKEI.INDEX,EURUSD,-0.847631239014591
OFDP.COPPER_6,EURUSD,0.521768598087712
WSJ.CORN_2,EURUSD,0.180323622927479
YAHOO.INDEX_AORD,EURUSD,0.0810312634332167
YAHOO.INDEX_FCHI,EURUSD,-0.094816432455436
YAHOO.INDEX_GDAXI,EURUSD,-0.300739886458734
YAHOO.INDEX_GSPC,EURUSD,-0.38651917259002
YAHOO.INDEX_GSPTSE,EURUSD,0.0487491409546453
YAHOO.INDEX_SSEC,EURUSD,0.220270943687335
BCB.UDJIAD1,GBPAUD,-0.224418044486586
BUNDESBANK.BBK01_WT5511,GBPAUD,-0.940353385057551
AUDCAD,GBPAUD,-0.796396470582382
AUDCHF,GBPAUD,0.0146478738786334
AUDJPY,GBPAUD,0.0811981457482364
AUDNZD,GBPAUD,-0.573928131084013
AUDUSD,GBPAUD,-0.82804461264074
CADCHF,GBPAUD,0.495979010313187
CADJPY,GBPAUD,0.556307005984932
CHFJPY,GBPAUD,0.0368326636864301
EURAUD,GBPAUD,0.79827480750898
EURCAD,GBPAUD,0.574495266813263
EURCHF,GBPAUD,0.708813108846379
EURGBP,GBPAUD,-0.768682588457046
EURJPY,GBPAUD,0.734104260078777
EURNZD,GBPAUD,0.455037441429735
EURUSD,GBPAUD,-0.149505992358038
GBPCAD,GBPAUD,0.937528147526427
GBPCHF,GBPAUD,0.876648694784665
GBPJPY,GBPAUD,0.855546575720744
GBPNZD,GBPAUD,0.920079187151474
GBPUSD,GBPAUD,0.679503450161582
NZDCAD,GBPAUD,-0.157694889328568
NZDCHF,GBPAUD,0.451961456574607
NZDJPY,GBPAUD,0.32054719952574
NZDUSD,GBPAUD,-0.630497182980201
USDCAD,GBPAUD,0.598475912298184
USDCHF,GBPAUD,0.852404324331101
USDJPY,GBPAUD,0.778935262997056
DOE.RWTC,GBPAUD,-0.543471056079543
LBMA.SILVER,GBPAUD,-0.857894584990141
LPPM.PLAT,GBPAUD,-0.646661787241265
NASDAQOMX.NDX,GBPAUD,-0.372631728476857
NIKKEI.INDEX,GBPAUD,0.876502580748032
OFDP.COPPER_6,GBPAUD,-0.844646883992035
WSJ.CORN_2,GBPAUD,-0.674367278832217
YAHOO.INDEX_AORD,GBPAUD,0.224787134403965
YAHOO.INDEX_FCHI,GBPAUD,0.633753871556337
YAHOO.INDEX_GDAXI,GBPAUD,-0.25279312436442
YAHOO.INDEX_GSPC,GBPAUD,-0.115550431390794
YAHOO.INDEX_GSPTSE,GBPAUD,-0.234546696302305
YAHOO.INDEX_SSEC,GBPAUD,-0.0263922439428278
BCB.UDJIAD1,GBPCAD,-0.051631275357483
BUNDESBANK.BBK01_WT5511,GBPCAD,-0.871088454086745
AUDCAD,GBPCAD,-0.542208632215409
AUDCHF,GBPCAD,0.0189463376292124
AUDJPY,GBPCAD,0.242168870931837
AUDNZD,GBPCAD,-0.660324457557437
AUDUSD,GBPCAD,-0.704103883680571
CADCHF,GBPCAD,0.346330889038119
CADJPY,GBPCAD,0.5532453898381
CHFJPY,GBPCAD,0.173687318318936
EURAUD,GBPCAD,0.639460072302698
EURCAD,GBPCAD,0.58138383735872
EURCHF,GBPCAD,0.589106227337292
EURGBP,GBPCAD,-0.83728248888226
EURJPY,GBPCAD,0.743752726514777
EURNZD,GBPCAD,0.242555114474595
EURUSD,GBPCAD,-0.152519820597565
GBPAUD,GBPCAD,0.937528147526427
GBPCHF,GBPCAD,0.829232688174856
GBPJPY,GBPCAD,0.888661121159339
GBPNZD,GBPCAD,0.796775684052434
GBPUSD,GBPCAD,0.736659129141807
NZDCAD,GBPCAD,0.120765591404739
NZDCHF,GBPCAD,0.517935339407539
NZDJPY,GBPCAD,0.477746967524258
NZDUSD,GBPCAD,-0.421226541613511
USDCAD,GBPCAD,0.614145089877987
USDCHF,GBPCAD,0.723608193879218
USDJPY,GBPCAD,0.793209126688731
DOE.RWTC,GBPCAD,-0.485561953916658
LBMA.SILVER,GBPCAD,-0.782543850413199
LPPM.PLAT,GBPCAD,-0.606035954607305
NASDAQOMX.NDX,GBPCAD,-0.216888457477628
NIKKEI.INDEX,GBPCAD,0.827208662098007
OFDP.COPPER_6,GBPCAD,-0.79270852938232
WSJ.CORN_2,GBPCAD,-0.572841413648547
YAHOO.INDEX_AORD,GBPCAD,0.307681045414827
YAHOO.INDEX_FCHI,GBPCAD,0.678214188600784
YAHOO.INDEX_GDAXI,GBPCAD,-0.12254559881989
YAHOO.INDEX_GSPC,GBPCAD,0.0554159198458639
YAHOO.INDEX_GSPTSE,GBPCAD,-0.0943014733860915
YAHOO.INDEX_SSEC,GBPCAD,-0.0190143882459198
BCB.UDJIAD1,GBPCHF,-0.371449671001819
BUNDESBANK.BBK01_WT5511,GBPCHF,-0.883208799865146
AUDCAD,GBPCHF,-0.668188391332966
AUDCHF,GBPCHF,0.491057545746818
AUDJPY,GBPCHF,0.202113893566098
AUDNZD,GBPCHF,-0.335335636989897
AUDUSD,GBPCHF,-0.520758072104836
CADCHF,GBPCHF,0.810619139217296
CADJPY,GBPCHF,0.64030711217822
CHFJPY,GBPCHF,-0.174420822435984
EURAUD,GBPCHF,0.602813247514926
EURCAD,GBPCHF,0.376970136375533
EURCHF,GBPCHF,0.879400355540514
EURGBP,GBPCHF,-0.751929996441014
EURJPY,GBPCHF,0.694509775457215
EURNZD,GBPCHF,0.391278183562674
EURUSD,GBPCHF,0.0747629562934139
GBPAUD,GBPCHF,0.876648694784665
GBPCAD,GBPCHF,0.829232688174856
GBPJPY,GBPCHF,0.832935921635693
GBPNZD,GBPCHF,0.875693086024679
GBPUSD,GBPCHF,0.854666445893719
NZDCAD,GBPCHF,-0.221991833409257
NZDCHF,GBPCHF,0.756277529335266
NZDJPY,GBPCHF,0.356077045765891
NZDUSD,GBPCHF,-0.420177000475546
USDCAD,GBPCHF,0.218647476235269
USDCHF,GBPCHF,0.90398140841551
USDJPY,GBPCHF,0.593775441825214
DOE.RWTC,GBPCHF,-0.286866182470209
LBMA.SILVER,GBPCHF,-0.694341888601555
LPPM.PLAT,GBPCHF,-0.374838674248001
NASDAQOMX.NDX,GBPCHF,-0.592964273432647
NIKKEI.INDEX,GBPCHF,0.212343817564783
OFDP.COPPER_6,GBPCHF,0.0634247438803772
WSJ.CORN_2,GBPCHF,-0.373772905328184
YAHOO.INDEX_AORD,GBPCHF,0.271109515565579
YAHOO.INDEX_FCHI,GBPCHF,0.643014324974279
YAHOO.INDEX_GDAXI,GBPCHF,-0.4304768221725
YAHOO.INDEX_GSPC,GBPCHF,-0.290572758273355
YAHOO.INDEX_GSPTSE,GBPCHF,-0.221150292751452
YAHOO.INDEX_SSEC,GBPCHF,-0.0190222562233148
BCB.UDJIAD1,GBPJPY,0.147578941112016
BUNDESBANK.BBK01_WT5511,GBPJPY,-0.788512924458559
AUDCAD,GBPJPY,-0.535031325028299
AUDCHF,GBPJPY,0.154832959832906
AUDJPY,GBPJPY,0.580388596006897
AUDNZD,GBPJPY,-0.651996309279857
AUDUSD,GBPJPY,-0.549383911421966
CADCHF,GBPJPY,0.461854313634822
CADJPY,GBPJPY,0.87103114387189
CHFJPY,GBPJPY,0.336956076391306
EURAUD,GBPJPY,0.505081869000833
EURCAD,GBPJPY,0.374672082130278
EURCHF,GBPJPY,0.585015644088226
EURGBP,GBPJPY,-0.847578960644286
EURJPY,GBPJPY,0.911953685890199
EURNZD,GBPJPY,0.11954983093753
EURUSD,GBPJPY,-0.0539710749914025
GBPAUD,GBPJPY,0.855546575720744
GBPCAD,GBPJPY,0.888661121159339
GBPCHF,GBPJPY,0.832935921635693
GBPNZD,GBPJPY,0.712422366539992
GBPUSD,GBPJPY,0.825038699002403
NZDCAD,GBPJPY,0.113679226799297
NZDCHF,GBPJPY,0.637070937297468
NZDJPY,GBPJPY,0.710018687337634
NZDUSD,GBPJPY,-0.231250228703908
USDCAD,GBPJPY,0.36368531582251
USDCHF,GBPJPY,0.653450048362306
USDJPY,GBPJPY,0.89049318802243
DOE.RWTC,GBPJPY,-0.256044943896884
LBMA.SILVER,GBPJPY,-0.698479661322231
LPPM.PLAT,GBPJPY,-0.383150318486393
NASDAQOMX.NDX,GBPJPY,-0.0958210613747404
NIKKEI.INDEX,GBPJPY,0.91347218521374
OFDP.COPPER_6,GBPJPY,-0.838776295352218
WSJ.CORN_2,GBPJPY,-0.471577699403179
YAHOO.INDEX_AORD,GBPJPY,0.638037339536824
YAHOO.INDEX_FCHI,GBPJPY,0.891687207080851
YAHOO.INDEX_GDAXI,GBPJPY,0.0940570680317471
YAHOO.INDEX_GSPC,GBPJPY,0.238878105675335
YAHOO.INDEX_GSPTSE,GBPJPY,0.218086962841883
YAHOO.INDEX_SSEC,GBPJPY,0.204278780833433
BCB.UDJIAD1,GBPNZD,-0.485701833064715
BUNDESBANK.BBK01_WT5511,GBPNZD,-0.874900301052928
AUDCAD,GBPNZD,-0.834255861122395
AUDCHF,GBPNZD,0.174522478949188
AUDJPY,GBPNZD,-0.0877668045033186
AUDNZD,GBPNZD,-0.211581945123081
AUDUSD,GBPNZD,-0.717996191347947
CADCHF,GBPNZD,0.644916570827966
CADJPY,GBPNZD,0.428064997036396
CHFJPY,GBPNZD,-0.230633930405901
EURAUD,GBPNZD,0.82765500130353
EURCAD,GBPNZD,0.565252342917377
EURCHF,GBPNZD,0.831291296689131
EURGBP,GBPNZD,-0.595093361954802
EURJPY,GBPNZD,0.625433218300694
EURNZD,GBPNZD,0.697248543736804
EURUSD,GBPNZD,0.0398070740006365
GBPAUD,GBPNZD,0.920079187151474
GBPCAD,GBPNZD,0.796775684052434
GBPCHF,GBPNZD,0.875693086024679
GBPJPY,GBPNZD,0.712422366539992
GBPUSD,GBPNZD,0.666747256266741
NZDCAD,GBPNZD,-0.497777902609843
NZDCHF,GBPNZD,0.345413492463887
NZDJPY,GBPNZD,0.0215034703495254
NZDUSD,GBPNZD,-0.744986871080888
USDCAD,GBPNZD,0.408645955766925
USDCHF,GBPNZD,0.867738818604791
USDJPY,GBPNZD,0.559765778415209
DOE.RWTC,GBPNZD,-0.440296739210808
LBMA.SILVER,GBPNZD,-0.732206854370576
LPPM.PLAT,GBPNZD,-0.479572512758965
NASDAQOMX.NDX,GBPNZD,-0.609289875533842
NIKKEI.INDEX,GBPNZD,0.762584744911076
OFDP.COPPER_6,GBPNZD,-0.461931739910272
WSJ.CORN_2,GBPNZD,-0.504484648746309
YAHOO.INDEX_AORD,GBPNZD,0.0804658450434455
YAHOO.INDEX_FCHI,GBPNZD,0.484982302084113
YAHOO.INDEX_GDAXI,GBPNZD,-0.473466272695141
YAHOO.INDEX_GSPC,GBPNZD,-0.396205170257604
YAHOO.INDEX_GSPTSE,GBPNZD,-0.36426971265227
YAHOO.INDEX_SSEC,GBPNZD,0.000101128143353178
BCB.UDJIAD1,GBPUSD,-0.122646675134666
BUNDESBANK.BBK01_WT5511,GBPUSD,-0.635525371976325
AUDCAD,GBPUSD,-0.349907394278589
AUDCHF,GBPUSD,0.523375982331481
AUDJPY,GBPUSD,0.489714745595842
AUDNZD,GBPUSD,-0.287300402239323
AUDUSD,GBPUSD,-0.162969628418359
CADCHF,GBPUSD,0.648930096377948
CADJPY,GBPUSD,0.691723959042437
CHFJPY,GBPUSD,-0.0351916288974032
EURAUD,GBPUSD,0.388721197064098
EURCAD,GBPUSD,0.350634605123703
EURCHF,GBPUSD,0.735375948289849
EURGBP,GBPUSD,-0.66392629631264
EURJPY,GBPUSD,0.765066823986612
EURNZD,GBPUSD,0.204925513718015
EURUSD,GBPUSD,0.384020143511669
GBPAUD,GBPUSD,0.679503450161582
GBPCAD,GBPUSD,0.736659129141807
GBPCHF,GBPUSD,0.854666445893719
GBPJPY,GBPUSD,0.825038699002403
GBPNZD,GBPUSD,0.666747256266741
NZDCAD,GBPUSD,-0.0568566971430016
NZDCHF,GBPUSD,0.741436709883581
NZDJPY,GBPUSD,0.462605999046634
NZDUSD,GBPUSD,-0.00805833513046131
USDCAD,GBPUSD,-0.076709699413191
USDCHF,GBPUSD,0.552680022984489
USDJPY,GBPUSD,0.480010669554824
DOE.RWTC,GBPUSD,0.0958502790141711
LBMA.SILVER,GBPUSD,-0.409612955504092
LPPM.PLAT,GBPUSD,-0.0195940288418384
NASDAQOMX.NDX,GBPUSD,-0.398103258667522
NIKKEI.INDEX,GBPUSD,-0.325164528547067
OFDP.COPPER_6,GBPUSD,0.171049814999433
WSJ.CORN_2,GBPUSD,-0.0844844175870237
YAHOO.INDEX_AORD,GBPUSD,0.510794969961373
YAHOO.INDEX_FCHI,GBPUSD,0.702076164644479
YAHOO.INDEX_GDAXI,GBPUSD,-0.197141724830401
YAHOO.INDEX_GSPC,GBPUSD,-0.0761493084968979
YAHOO.INDEX_GSPTSE,GBPUSD,0.125444628232559
YAHOO.INDEX_SSEC,GBPUSD,0.184754948078162
BCB.UDJIAD1,NZDCAD,0.764027997718904
BUNDESBANK.BBK01_WT5511,NZDCAD,0.199116650069325
AUDCAD,NZDCAD,0.568657810709413
AUDCHF,NZDCAD,-0.319217578120729
AUDJPY,NZDCAD,0.50446457313559
AUDNZD,NZDCAD,-0.63034444486549
AUDUSD,NZDCAD,0.143330125911533
CADCHF,NZDCAD,-0.595008977615274
CADJPY,NZDCAD,0.113355204220357
CHFJPY,NZDCAD,0.678896129233052
EURAUD,NZDCAD,-0.419233993341105
EURCAD,NZDCAD,-0.0864733043693087
EURCHF,NZDCAD,-0.543932177987598
EURGBP,NZDCAD,-0.218152258949531
EURJPY,NZDCAD,0.0616331284785454
EURNZD,NZDCAD,-0.788918202787366
EURUSD,NZDCAD,-0.2988232693034
GBPAUD,NZDCAD,-0.157694889328568
GBPCAD,NZDCAD,0.120765591404739
GBPCHF,NZDCAD,-0.221991833409257
GBPJPY,NZDCAD,0.113679226799297
GBPNZD,NZDCAD,-0.497777902609843
GBPUSD,NZDCAD,-0.0568566971430016
NZDCHF,NZDCAD,0.135245544849845
NZDJPY,NZDCAD,0.673857014332694
NZDUSD,NZDCAD,0.612701040254427
USDCAD,NZDCAD,0.228758918294099
USDCHF,NZDCAD,-0.404058883779079
USDJPY,NZDCAD,0.247611105528712
DOE.RWTC,NZDCAD,0.0321978755800598
LBMA.SILVER,NZDCAD,0.0722320176254984
LPPM.PLAT,NZDCAD,-0.0954956925078594
NASDAQOMX.NDX,NZDCAD,0.729822146627768
NIKKEI.INDEX,NZDCAD,0.276944807785228
OFDP.COPPER_6,NZDCAD,-0.72928705015949
WSJ.CORN_2,NZDCAD,0.0411992288514143
YAHOO.INDEX_AORD,NZDCAD,0.327826397476327
YAHOO.INDEX_FCHI,NZDCAD,0.186356723530652
YAHOO.INDEX_GDAXI,NZDCAD,0.646943795725914
YAHOO.INDEX_GSPC,NZDCAD,0.771775994319169
YAHOO.INDEX_GSPTSE,NZDCAD,0.489728640303702
YAHOO.INDEX_SSEC,NZDCAD,-0.0367837745554711
BCB.UDJIAD1,NZDCHF,-0.0838092795830112
BUNDESBANK.BBK01_WT5511,NZDCHF,-0.531360773833488
AUDCAD,NZDCHF,-0.179824116094674
AUDCHF,NZDCHF,0.725304816038136
AUDJPY,NZDCHF,0.49357811571627
AUDNZD,NZDCHF,-0.358681130651672
AUDUSD,NZDCHF,-0.0444023343919227
CADCHF,NZDCHF,0.712316690720107
CADJPY,NZDCHF,0.592235131856612
CHFJPY,NZDCHF,-0.17254145219622
EURAUD,NZDCHF,0.0640026877009491
EURCAD,NZDCHF,-0.0259457897721442
EURCHF,NZDCHF,0.595632173697787
EURGBP,NZDCHF,-0.634787662412201
EURJPY,NZDCHF,0.494679283383787
EURNZD,NZDCHF,-0.166004719039008
EURUSD,NZDCHF,0.0963095846161092
GBPAUD,NZDCHF,0.451961456574607
GBPCAD,NZDCHF,0.517935339407539
GBPCHF,NZDCHF,0.756277529335266
GBPJPY,NZDCHF,0.637070937297468
GBPNZD,NZDCHF,0.345413492463887
GBPUSD,NZDCHF,0.741436709883581
NZDCAD,NZDCHF,0.135245544849845
NZDJPY,NZDCHF,0.505437451875513
NZDUSD,NZDCHF,0.183834074657844
USDCAD,NZDCHF,-0.130293902881906
USDCHF,NZDCHF,0.591952403238152
USDJPY,NZDCHF,0.382798817293717
DOE.RWTC,NZDCHF,0.0458722418985977
LBMA.SILVER,NZDCHF,-0.370038963427808
LPPM.PLAT,NZDCHF,-0.0808185134026024
NASDAQOMX.NDX,NZDCHF,-0.342295979288829
NIKKEI.INDEX,NZDCHF,-0.743749818428048
OFDP.COPPER_6,NZDCHF,0.470680116173479
WSJ.CORN_2,NZDCHF,0.0250044427283657
YAHOO.INDEX_AORD,NZDCHF,0.389451632714369
YAHOO.INDEX_FCHI,NZDCHF,0.563209021612681
YAHOO.INDEX_GDAXI,NZDCHF,-0.215304352696888
YAHOO.INDEX_GSPC,NZDCHF,-0.0486246459428029
YAHOO.INDEX_GSPTSE,NZDCHF,0.0340479908810445
YAHOO.INDEX_SSEC,NZDCHF,-0.0626610004937196
BCB.UDJIAD1,NZDJPY,0.715446016438367
BUNDESBANK.BBK01_WT5511,NZDJPY,-0.268605196904508
AUDCAD,NZDJPY,0.0311303281404326
AUDCHF,NZDJPY,-0.0479469489383108
AUDJPY,NZDJPY,0.891339476975693
AUDNZD,NZDJPY,-0.769273910961539
AUDUSD,NZDJPY,-0.131643261676698
CADCHF,NZDJPY,-0.0400147432011325
CADJPY,NZDJPY,0.808573585475204
CHFJPY,NZDJPY,0.759344300720616
EURAUD,NZDJPY,-0.0482488591992686
EURCAD,NZDJPY,0.0241978935686293
EURCHF,NZDJPY,-0.0157157786977995
EURGBP,NZDJPY,-0.590430961167745
EURJPY,NZDJPY,0.692860824147345
EURNZD,NZDJPY,-0.493870205636587
EURUSD,NZDJPY,-0.144717769061148
GBPAUD,NZDJPY,0.32054719952574
GBPCAD,NZDJPY,0.477746967524258
GBPCHF,NZDJPY,0.356077045765891
GBPJPY,NZDJPY,0.710018687337634
GBPNZD,NZDJPY,0.0215034703495254
GBPUSD,NZDJPY,0.462605999046634
NZDCAD,NZDJPY,0.673857014332694
NZDCHF,NZDJPY,0.505437451875513
NZDUSD,NZDJPY,0.373308844943672
USDCAD,NZDJPY,0.178859598066243
USDCHF,NZDJPY,0.0608818758178129
USDJPY,NZDJPY,0.744382664440752
DOE.RWTC,NZDJPY,0.0398418267066524
LBMA.SILVER,NZDJPY,-0.312901671779268
LPPM.PLAT,NZDJPY,-0.120932807137539
NASDAQOMX.NDX,NZDJPY,0.504942630858316
NIKKEI.INDEX,NZDJPY,0.400531293261028
OFDP.COPPER_6,NZDJPY,-0.788650362356495
WSJ.CORN_2,NZDJPY,-0.232631798779599
YAHOO.INDEX_AORD,NZDJPY,0.806911664871386
YAHOO.INDEX_FCHI,NZDJPY,0.76786089032267
YAHOO.INDEX_GDAXI,NZDJPY,0.632078384000718
YAHOO.INDEX_GSPC,NZDJPY,0.761169026276316
YAHOO.INDEX_GSPTSE,NZDJPY,0.657301170872088
YAHOO.INDEX_SSEC,NZDJPY,0.259047431514025
BCB.UDJIAD1,NZDUSD,0.540976132014845
BUNDESBANK.BBK01_WT5511,NZDUSD,0.622968360311988
AUDCAD,NZDUSD,0.807637794137895
AUDCHF,NZDUSD,0.221665986178222
AUDJPY,NZDUSD,0.544175362614092
AUDNZD,NZDUSD,0.0323678720146555
AUDUSD,NZDUSD,0.825409943723207
CADCHF,NZDUSD,-0.293932720973612
CADJPY,NZDUSD,0.032210680641788
CHFJPY,NZDUSD,0.272121727612178
EURAUD,NZDUSD,-0.758867471801533
EURCAD,NZDUSD,-0.447088956791541
EURCHF,NZDUSD,-0.466723091027952
EURGBP,NZDUSD,0.216279045993499
EURJPY,NZDUSD,-0.167257492572636
EURNZD,NZDUSD,-0.744747847623079
EURUSD,NZDUSD,0.293028859219116
GBPAUD,NZDUSD,-0.630497182980201
GBPCAD,NZDUSD,-0.421226541613511
GBPCHF,NZDUSD,-0.420177000475546
GBPJPY,NZDUSD,-0.231250228703908
GBPNZD,NZDUSD,-0.744986871080888
GBPUSD,NZDUSD,-0.00805833513046131
NZDCAD,NZDUSD,0.612701040254427
NZDCHF,NZDUSD,0.183834074657844
NZDJPY,NZDUSD,0.373308844943672
USDCAD,NZDUSD,-0.625801253769015
USDCHF,NZDUSD,-0.679159860009956
USDJPY,NZDUSD,-0.337052428630803
DOE.RWTC,NZDUSD,0.694929343688566
LBMA.SILVER,NZDUSD,0.637405534704433
LPPM.PLAT,NZDUSD,0.622647882264313
NASDAQOMX.NDX,NZDUSD,0.456747924190678
NIKKEI.INDEX,NZDUSD,-0.778804121115106
OFDP.COPPER_6,NZDUSD,0.468341458471705
WSJ.CORN_2,NZDUSD,0.535183525709538
YAHOO.INDEX_AORD,NZDUSD,0.325724260870528
YAHOO.INDEX_FCHI,NZDUSD,-0.0433672616787886
YAHOO.INDEX_GDAXI,NZDUSD,0.450412642922158
YAHOO.INDEX_GSPC,NZDUSD,0.460396443194893
YAHOO.INDEX_GSPTSE,NZDUSD,0.585441168434193
YAHOO.INDEX_SSEC,NZDUSD,0.109251804193567
BCB.UDJIAD1,USDCAD,0.0885506663383571
BUNDESBANK.BBK01_WT5511,USDCAD,-0.539074739264983
AUDCAD,USDCAD,-0.416457917577049
AUDCHF,USDCAD,-0.613415887488721
AUDJPY,USDCAD,-0.197832558557023
AUDNZD,USDCAD,-0.642901018631865
AUDUSD,USDCAD,-0.862998999697033
CADCHF,USDCAD,-0.256117376847993
CADJPY,USDCAD,0.038189041364408
CHFJPY,USDCAD,0.332941480392002
EURAUD,USDCAD,0.515143118303376
EURCAD,USDCAD,0.465145415390348
EURCHF,USDCAD,0.0106891348707906
EURGBP,USDCAD,-0.452877042460553
EURJPY,USDCAD,0.236150205669178
EURNZD,USDCAD,0.143990188564527
EURUSD,USDCAD,-0.657935344680772
GBPAUD,USDCAD,0.598475912298184
GBPCAD,USDCAD,0.614145089877987
GBPCHF,USDCAD,0.218647476235269
GBPJPY,USDCAD,0.36368531582251
GBPNZD,USDCAD,0.408645955766925
GBPUSD,USDCAD,-0.076709699413191
NZDCAD,USDCAD,0.228758918294099
NZDCHF,USDCAD,-0.130293902881906
NZDJPY,USDCAD,0.178859598066243
NZDUSD,USDCAD,-0.625801253769015
USDCHF,USDCAD,0.410179640087353
USDJPY,USDCAD,0.632164910025752
DOE.RWTC,USDCAD,-0.822452773370852
LBMA.SILVER,USDCAD,-0.680743902249949
LPPM.PLAT,USDCAD,-0.856366973714503
NASDAQOMX.NDX,USDCAD,0.16738881528231
NIKKEI.INDEX,USDCAD,0.893104762556971
OFDP.COPPER_6,USDCAD,-0.897220975844299
WSJ.CORN_2,USDCAD,-0.589898576312938
YAHOO.INDEX_AORD,USDCAD,-0.106648130873757
YAHOO.INDEX_FCHI,USDCAD,0.203559561710462
YAHOO.INDEX_GDAXI,USDCAD,0.0845785315382385
YAHOO.INDEX_GSPC,USDCAD,0.191475855309641
YAHOO.INDEX_GSPTSE,USDCAD,-0.253494265995311
YAHOO.INDEX_SSEC,USDCAD,-0.175673316417871
BCB.UDJIAD1,USDCHF,-0.517566281984107
BUNDESBANK.BBK01_WT5511,USDCHF,-0.903372251923369
AUDCAD,USDCHF,-0.799922903841726
AUDCHF,USDCHF,0.355518632610249
AUDJPY,USDCHF,-0.093021619055087
AUDNZD,USDCHF,-0.293319207180146
AUDUSD,USDCHF,-0.707301462053081
CADCHF,USDCHF,0.772641461825385
CADJPY,USDCHF,0.404519462511638
CHFJPY,USDCHF,-0.363456650368297
EURAUD,USDCHF,0.673368266444934
EURCAD,USDCHF,0.344131133196158
EURCHF,USDCHF,0.825600722912941
EURGBP,USDCHF,-0.64270087672887
EURJPY,USDCHF,0.493875094870711
EURNZD,USDCHF,0.490723375676719
EURUSD,USDCHF,-0.167891499293207
GBPAUD,USDCHF,0.852404324331101
GBPCAD,USDCHF,0.723608193879218
GBPCHF,USDCHF,0.90398140841551
GBPJPY,USDCHF,0.653450048362306
GBPNZD,USDCHF,0.867738818604791
GBPUSD,USDCHF,0.552680022984489
NZDCAD,USDCHF,-0.404058883779079
NZDCHF,USDCHF,0.591952403238152
NZDJPY,USDCHF,0.0608818758178129
NZDUSD,USDCHF,-0.679159860009956
USDCAD,USDCHF,0.410179640087353
USDJPY,USDCHF,0.549326593545003
DOE.RWTC,USDCHF,-0.525512572861818
LBMA.SILVER,USDCHF,-0.787786056235785
LPPM.PLAT,USDCHF,-0.573432245606981
NASDAQOMX.NDX,USDCHF,-0.642257395890657
NIKKEI.INDEX,USDCHF,0.512162039642383
OFDP.COPPER_6,USDCHF,-0.154314988572946
WSJ.CORN_2,USDCHF,-0.55790539403081
YAHOO.INDEX_AORD,USDCHF,0.000931469128850992
YAHOO.INDEX_FCHI,USDCHF,0.44060210820906
YAHOO.INDEX_GDAXI,USDCHF,-0.546210316186542
YAHOO.INDEX_GSPC,USDCHF,-0.425405561244951
YAHOO.INDEX_GSPTSE,USDCHF,-0.470624623691318
YAHOO.INDEX_SSEC,USDCHF,-0.184255453244175
BCB.UDJIAD1,USDJPY,0.344822376824375
BUNDESBANK.BBK01_WT5511,USDJPY,-0.710208796729498
AUDCAD,USDJPY,-0.534128024805342
AUDCHF,USDJPY,-0.200737578629934
AUDJPY,USDJPY,0.517580768730478
AUDNZD,USDJPY,-0.795970115461141
AUDUSD,USDJPY,-0.717469446034277
CADCHF,USDJPY,0.16949485517079
CADJPY,USDJPY,0.795785433311803
CHFJPY,USDJPY,0.576249561281107
EURAUD,USDJPY,0.469545813089161
EURCAD,USDJPY,0.314312832033994
EURCHF,USDJPY,0.302756124134696
EURGBP,USDJPY,-0.781600738539567
EURJPY,USDJPY,0.808008844559807
EURNZD,USDJPY,0.0103895552120356
EURUSD,USDJPY,-0.383416616594244
GBPAUD,USDJPY,0.778935262997056
GBPCAD,USDJPY,0.793209126688731
GBPCHF,USDJPY,0.593775441825214
GBPJPY,USDJPY,0.89049318802243
GBPNZD,USDJPY,0.559765778415209
GBPUSD,USDJPY,0.480010669554824
NZDCAD,USDJPY,0.247611105528712
NZDCHF,USDJPY,0.382798817293717
NZDJPY,USDJPY,0.744382664440752
NZDUSD,USDJPY,-0.337052428630803
USDCAD,USDJPY,0.632164910025752
USDCHF,USDJPY,0.549326593545003
DOE.RWTC,USDJPY,-0.461505106471316
LBMA.SILVER,USDJPY,-0.754018298455474
LPPM.PLAT,USDJPY,-0.572827951286733
NASDAQOMX.NDX,USDJPY,0.191539778028175
NIKKEI.INDEX,USDJPY,0.96542334687813
OFDP.COPPER_6,USDJPY,-0.88715685057325
WSJ.CORN_2,USDJPY,-0.613600180676103
YAHOO.INDEX_AORD,USDJPY,0.582322552868453
YAHOO.INDEX_FCHI,USDJPY,0.818090072341156
YAHOO.INDEX_GDAXI,USDJPY,0.319478596566128
YAHOO.INDEX_GSPC,USDJPY,0.450209913778898
YAHOO.INDEX_GSPTSE,USDJPY,0.25119091211402
YAHOO.INDEX_SSEC,USDJPY,0.169157570597
BCB.UDJIAD1,DOE.RWTC,0.156282473181139
BUNDESBANK.BBK01_WT5511,DOE.RWTC,0.510176767287725
AUDCAD,DOE.RWTC,0.491804294998716
AUDCHF,DOE.RWTC,0.365496031608908
AUDJPY,DOE.RWTC,0.355820025380308
AUDNZD,DOE.RWTC,0.414411450589582
AUDUSD,DOE.RWTC,0.78599484107851
CADCHF,DOE.RWTC,0.00859750273723712
CADJPY,DOE.RWTC,0.0468732692797873
CHFJPY,DOE.RWTC,-0.020197809824964
EURAUD,DOE.RWTC,-0.453184540096427
EURCAD,DOE.RWTC,-0.27027986015337
EURCHF,DOE.RWTC,-0.122101154203844
EURGBP,DOE.RWTC,0.403845012893428
EURJPY,DOE.RWTC,-0.0643587170518656
EURNZD,DOE.RWTC,-0.209726131500694
EURUSD,DOE.RWTC,0.648421382119607
GBPAUD,DOE.RWTC,-0.543471056079543
GBPCAD,DOE.RWTC,-0.485561953916658
GBPCHF,DOE.RWTC,-0.286866182470209
GBPJPY,DOE.RWTC,-0.256044943896884
GBPNZD,DOE.RWTC,-0.440296739210808
GBPUSD,DOE.RWTC,0.0958502790141711
NZDCAD,DOE.RWTC,0.0321978755800598
NZDCHF,DOE.RWTC,0.0458722418985977
NZDJPY,DOE.RWTC,0.0398418267066524
NZDUSD,DOE.RWTC,0.694929343688566
USDCAD,DOE.RWTC,-0.822452773370852
USDCHF,DOE.RWTC,-0.525512572861818
USDJPY,DOE.RWTC,-0.461505106471316
LBMA.SILVER,DOE.RWTC,0.586808064098428
LPPM.PLAT,DOE.RWTC,0.811125935816079
NASDAQOMX.NDX,DOE.RWTC,0.0795192704533102
NIKKEI.INDEX,DOE.RWTC,-0.834068440118137
OFDP.COPPER_6,DOE.RWTC,0.65041751914479
WSJ.CORN_2,DOE.RWTC,0.577210447487597
YAHOO.INDEX_AORD,DOE.RWTC,0.181963820309888
YAHOO.INDEX_FCHI,DOE.RWTC,-0.149302807229556
YAHOO.INDEX_GDAXI,DOE.RWTC,0.121652486981445
YAHOO.INDEX_GSPC,DOE.RWTC,0.070435023916633
YAHOO.INDEX_GSPTSE,DOE.RWTC,0.420514311248115
YAHOO.INDEX_SSEC,DOE.RWTC,0.0701124909280193
BCB.UDJIAD1,LBMA.SILVER,0.178793745178781
BUNDESBANK.BBK01_WT5511,LBMA.SILVER,0.911431010479529
AUDCAD,LBMA.SILVER,0.763781276102517
AUDCHF,LBMA.SILVER,0.10409143069019
AUDJPY,LBMA.SILVER,-0.024934996924111
AUDNZD,LBMA.SILVER,0.633363266780637
AUDUSD,LBMA.SILVER,0.876423491860794
CADCHF,LBMA.SILVER,-0.370432301818364
CADJPY,LBMA.SILVER,-0.465712621072637
CHFJPY,LBMA.SILVER,-0.0897548877963183
EURAUD,LBMA.SILVER,-0.771991947673322
EURCAD,LBMA.SILVER,-0.576594891544575
EURCHF,LBMA.SILVER,-0.597733600042605
EURGBP,LBMA.SILVER,0.586196348393303
EURJPY,LBMA.SILVER,-0.650228018553455
EURNZD,LBMA.SILVER,-0.405211724473752
EURUSD,LBMA.SILVER,0.246049717211592
GBPAUD,LBMA.SILVER,-0.857894584990141
GBPCAD,LBMA.SILVER,-0.782543850413199
GBPCHF,LBMA.SILVER,-0.694341888601555
GBPJPY,LBMA.SILVER,-0.698479661322231
GBPNZD,LBMA.SILVER,-0.732206854370576
GBPUSD,LBMA.SILVER,-0.409612955504092
NZDCAD,LBMA.SILVER,0.0722320176254984
NZDCHF,LBMA.SILVER,-0.370038963427808
NZDJPY,LBMA.SILVER,-0.312901671779268
NZDUSD,LBMA.SILVER,0.637405534704433
USDCAD,LBMA.SILVER,-0.680743902249949
USDCHF,LBMA.SILVER,-0.787786056235785
USDJPY,LBMA.SILVER,-0.754018298455474
DOE.RWTC,LBMA.SILVER,0.586808064098428
LPPM.PLAT,LBMA.SILVER,0.728364094059411
NASDAQOMX.NDX,LBMA.SILVER,0.255109554125816
NIKKEI.INDEX,LBMA.SILVER,-0.872206164476587
OFDP.COPPER_6,LBMA.SILVER,0.905234090236053
WSJ.CORN_2,LBMA.SILVER,0.832427797061591
YAHOO.INDEX_AORD,LBMA.SILVER,-0.123801521688615
YAHOO.INDEX_FCHI,LBMA.SILVER,-0.466263918647799
YAHOO.INDEX_GDAXI,LBMA.SILVER,0.195408259539118
YAHOO.INDEX_GSPC,LBMA.SILVER,0.0704533950758972
YAHOO.INDEX_GSPTSE,LBMA.SILVER,0.300836568714106
YAHOO.INDEX_SSEC,LBMA.SILVER,0.0843415925896024
BCB.UDJIAD1,LPPM.PLAT,0.060173509791691
BUNDESBANK.BBK01_WT5511,LPPM.PLAT,0.624840732035531
AUDCAD,LPPM.PLAT,0.519079568478838
AUDCHF,LPPM.PLAT,0.37573480894877
AUDJPY,LPPM.PLAT,0.241022615103793
AUDNZD,LPPM.PLAT,0.600219591744658
AUDUSD,LPPM.PLAT,0.833511541381022
CADCHF,LPPM.PLAT,-0.00567709816394682
CADJPY,LPPM.PLAT,-0.0757862713941369
CHFJPY,LPPM.PLAT,-0.104720350300428
EURAUD,LPPM.PLAT,-0.514977742832937
EURCAD,LPPM.PLAT,-0.344435667432498
EURCHF,LPPM.PLAT,-0.170508460380195
EURGBP,LPPM.PLAT,0.514571103405578
EURJPY,LPPM.PLAT,-0.203166014245616
EURNZD,LPPM.PLAT,-0.160040659770873
EURUSD,LPPM.PLAT,0.634692401615123
GBPAUD,LPPM.PLAT,-0.646661787241265
GBPCAD,LPPM.PLAT,-0.606035954607305
GBPCHF,LPPM.PLAT,-0.374838674248001
GBPJPY,LPPM.PLAT,-0.383150318486393
GBPNZD,LPPM.PLAT,-0.479572512758965
GBPUSD,LPPM.PLAT,-0.0195940288418384
NZDCAD,LPPM.PLAT,-0.0954956925078594
NZDCHF,LPPM.PLAT,-0.0808185134026024
NZDJPY,LPPM.PLAT,-0.120932807137539
NZDUSD,LPPM.PLAT,0.622647882264313
USDCAD,LPPM.PLAT,-0.856366973714503
USDCHF,LPPM.PLAT,-0.573432245606981
USDJPY,LPPM.PLAT,-0.572827951286733
DOE.RWTC,LPPM.PLAT,0.811125935816079
LBMA.SILVER,LPPM.PLAT,0.728364094059411
NASDAQOMX.NDX,LPPM.PLAT,0.0279946086225066
NIKKEI.INDEX,LPPM.PLAT,-0.904503723120885
OFDP.COPPER_6,LPPM.PLAT,0.885332442655853
WSJ.CORN_2,LPPM.PLAT,0.594053737439873
YAHOO.INDEX_AORD,LPPM.PLAT,0.17173810931573
YAHOO.INDEX_FCHI,LPPM.PLAT,-0.186642477916051
YAHOO.INDEX_GDAXI,LPPM.PLAT,0.106298827908006
YAHOO.INDEX_GSPC,LPPM.PLAT,-0.0340584668617817
YAHOO.INDEX_GSPTSE,LPPM.PLAT,0.432731970581593
YAHOO.INDEX_SSEC,LPPM.PLAT,0.297552774934016
BCB.UDJIAD1,NASDAQOMX.NDX,0.941261793257618
BUNDESBANK.BBK01_WT5511,NASDAQOMX.NDX,0.482462574300979
AUDCAD,NASDAQOMX.NDX,0.499788954901389
AUDCHF,NASDAQOMX.NDX,-0.587318479003911
AUDJPY,NASDAQOMX.NDX,0.433835774934704
AUDNZD,NASDAQOMX.NDX,-0.370763283619895
AUDUSD,NASDAQOMX.NDX,0.159503130940951
CADCHF,NASDAQOMX.NDX,-0.769813571515952
CADJPY,NASDAQOMX.NDX,0.088538073879936
CHFJPY,NASDAQOMX.NDX,0.843585776061339
EURAUD,NASDAQOMX.NDX,-0.511112947683183
EURCAD,NASDAQOMX.NDX,-0.331768680484617
EURCHF,NASDAQOMX.NDX,-0.82029879681047
EURGBP,NASDAQOMX.NDX,0.0101799125644811
EURJPY,NASDAQOMX.NDX,-0.0847684714762573
EURNZD,NASDAQOMX.NDX,-0.712883061957035
EURUSD,NASDAQOMX.NDX,-0.420766560447862
GBPAUD,NASDAQOMX.NDX,-0.372631728476857
GBPCAD,NASDAQOMX.NDX,-0.216888457477628
GBPCHF,NASDAQOMX.NDX,-0.592964273432647
GBPJPY,NASDAQOMX.NDX,-0.0958210613747404
GBPNZD,NASDAQOMX.NDX,-0.609289875533842
GBPUSD,NASDAQOMX.NDX,-0.398103258667522
NZDCAD,NASDAQOMX.NDX,0.729822146627768
NZDCHF,NASDAQOMX.NDX,-0.342295979288829
NZDJPY,NASDAQOMX.NDX,0.504942630858316
NZDUSD,NASDAQOMX.NDX,0.456747924190678
USDCAD,NASDAQOMX.NDX,0.16738881528231
USDCHF,NASDAQOMX.NDX,-0.642257395890657
USDJPY,NASDAQOMX.NDX,0.191539778028175
DOE.RWTC,NASDAQOMX.NDX,0.0795192704533102
LBMA.SILVER,NASDAQOMX.NDX,0.255109554125816
LPPM.PLAT,NASDAQOMX.NDX,0.0279946086225066
NIKKEI.INDEX,NASDAQOMX.NDX,0.927364287048683
OFDP.COPPER_6,NASDAQOMX.NDX,-0.852235870103711
WSJ.CORN_2,NASDAQOMX.NDX,-0.059622612707684
YAHOO.INDEX_AORD,NASDAQOMX.NDX,0.401043811838184
YAHOO.INDEX_FCHI,NASDAQOMX.NDX,0.121605994728221
YAHOO.INDEX_GDAXI,NASDAQOMX.NDX,0.935498778232575
YAHOO.INDEX_GSPC,NASDAQOMX.NDX,0.929846176139154
YAHOO.INDEX_GSPTSE,NASDAQOMX.NDX,0.702804855067667
YAHOO.INDEX_SSEC,NASDAQOMX.NDX,0.24120948943914
BCB.UDJIAD1,NIKKEI.INDEX,0.888277235733497
BUNDESBANK.BBK01_WT5511,NIKKEI.INDEX,-0.851278150676787
AUDCAD,NIKKEI.INDEX,-0.637051096392616
AUDCHF,NIKKEI.INDEX,-0.870231366542008
AUDJPY,NIKKEI.INDEX,-0.280082343709539
AUDNZD,NIKKEI.INDEX,-0.675026588810023
AUDUSD,NIKKEI.INDEX,-0.918308199643673
CADCHF,NIKKEI.INDEX,-0.828902725026833
CADJPY,NIKKEI.INDEX,0.29983405478156
CHFJPY,NIKKEI.INDEX,0.925648784123435
EURAUD,NIKKEI.INDEX,0.491935146877617
EURCAD,NIKKEI.INDEX,0.163741810508015
EURCHF,NIKKEI.INDEX,-0.863468114400742
EURGBP,NIKKEI.INDEX,-0.923557913178191
EURJPY,NIKKEI.INDEX,0.367808065060064
EURNZD,NIKKEI.INDEX,-0.116515949126872
EURUSD,NIKKEI.INDEX,-0.847631239014591
GBPAUD,NIKKEI.INDEX,0.876502580748032
GBPCAD,NIKKEI.INDEX,0.827208662098007
GBPCHF,NIKKEI.INDEX,0.212343817564783
GBPJPY,NIKKEI.INDEX,0.91347218521374
GBPNZD,NIKKEI.INDEX,0.762584744911076
GBPUSD,NIKKEI.INDEX,-0.325164528547067
NZDCAD,NIKKEI.INDEX,0.276944807785228
NZDCHF,NIKKEI.INDEX,-0.743749818428048
NZDJPY,NIKKEI.INDEX,0.400531293261028
NZDUSD,NIKKEI.INDEX,-0.778804121115106
USDCAD,NIKKEI.INDEX,0.893104762556971
USDCHF,NIKKEI.INDEX,0.512162039642383
USDJPY,NIKKEI.INDEX,0.96542334687813
DOE.RWTC,NIKKEI.INDEX,-0.834068440118137
LBMA.SILVER,NIKKEI.INDEX,-0.872206164476587
LPPM.PLAT,NIKKEI.INDEX,-0.904503723120885
NASDAQOMX.NDX,NIKKEI.INDEX,0.927364287048683
OFDP.COPPER_6,NIKKEI.INDEX,-0.846068749544677
WSJ.CORN_2,NIKKEI.INDEX,-0.758176068563571
YAHOO.INDEX_AORD,NIKKEI.INDEX,0.633254229064923
YAHOO.INDEX_FCHI,NIKKEI.INDEX,0.903652228179489
YAHOO.INDEX_GDAXI,NIKKEI.INDEX,0.920445800876246
YAHOO.INDEX_GSPC,NIKKEI.INDEX,0.900558765147114
YAHOO.INDEX_GSPTSE,NIKKEI.INDEX,0.547221973463412
YAHOO.INDEX_SSEC,NIKKEI.INDEX,0.849294692772576
BCB.UDJIAD1,OFDP.COPPER_6,-0.869364427764239
BUNDESBANK.BBK01_WT5511,OFDP.COPPER_6,0.859627592446831
AUDCAD,OFDP.COPPER_6,0.652341627790448
AUDCHF,OFDP.COPPER_6,0.848073477586232
AUDJPY,OFDP.COPPER_6,-0.538121616691314
AUDNZD,OFDP.COPPER_6,0.843547043712654
AUDUSD,OFDP.COPPER_6,0.908427972168832
CADCHF,OFDP.COPPER_6,0.807801463759703
CADJPY,OFDP.COPPER_6,-0.702391269958944
CHFJPY,OFDP.COPPER_6,-0.850494104163716
EURAUD,OFDP.COPPER_6,-0.668422055542797
EURCAD,OFDP.COPPER_6,-0.519459220474784
EURCHF,OFDP.COPPER_6,0.59196555773286
EURGBP,OFDP.COPPER_6,0.575560482735382
EURJPY,OFDP.COPPER_6,-0.694821962607405
EURNZD,OFDP.COPPER_6,0.35405463575776
EURUSD,OFDP.COPPER_6,0.521768598087712
GBPAUD,OFDP.COPPER_6,-0.844646883992035
GBPCAD,OFDP.COPPER_6,-0.79270852938232
GBPCHF,OFDP.COPPER_6,0.0634247438803772
GBPJPY,OFDP.COPPER_6,-0.838776295352218
GBPNZD,OFDP.COPPER_6,-0.461931739910272
GBPUSD,OFDP.COPPER_6,0.171049814999433
NZDCAD,OFDP.COPPER_6,-0.72928705015949
NZDCHF,OFDP.COPPER_6,0.470680116173479
NZDJPY,OFDP.COPPER_6,-0.788650362356495
NZDUSD,OFDP.COPPER_6,0.468341458471705
USDCAD,OFDP.COPPER_6,-0.897220975844299
USDCHF,OFDP.COPPER_6,-0.154314988572946
USDJPY,OFDP.COPPER_6,-0.88715685057325
DOE.RWTC,OFDP.COPPER_6,0.65041751914479
LBMA.SILVER,OFDP.COPPER_6,0.905234090236053
LPPM.PLAT,OFDP.COPPER_6,0.885332442655853
NASDAQOMX.NDX,OFDP.COPPER_6,-0.852235870103711
NIKKEI.INDEX,OFDP.COPPER_6,-0.846068749544677
WSJ.CORN_2,OFDP.COPPER_6,0.726615565736907
YAHOO.INDEX_AORD,OFDP.COPPER_6,-0.794824216373904
YAHOO.INDEX_FCHI,OFDP.COPPER_6,-0.817191100901866
YAHOO.INDEX_GDAXI,OFDP.COPPER_6,-0.844249395486976
YAHOO.INDEX_GSPC,OFDP.COPPER_6,-0.863630431275344
YAHOO.INDEX_GSPTSE,OFDP.COPPER_6,-0.724868401639912
YAHOO.INDEX_SSEC,OFDP.COPPER_6,-0.567632138476663
BCB.UDJIAD1,WSJ.CORN_2,-0.0240781996835484
BUNDESBANK.BBK01_WT5511,WSJ.CORN_2,0.732625857918351
AUDCAD,WSJ.CORN_2,0.675405281471311
AUDCHF,WSJ.CORN_2,0.381650853629882
AUDJPY,WSJ.CORN_2,0.0194361885678003
AUDNZD,WSJ.CORN_2,0.529704066516849
AUDUSD,WSJ.CORN_2,0.781637179446027
CADCHF,WSJ.CORN_2,-0.0490482933284679
CADJPY,WSJ.CORN_2,-0.334172742197978
CHFJPY,WSJ.CORN_2,-0.276574084585465
EURAUD,WSJ.CORN_2,-0.630914322780494
EURCAD,WSJ.CORN_2,-0.499235927384183
EURCHF,WSJ.CORN_2,-0.30211405502237
EURGBP,WSJ.CORN_2,0.271806877675614
EURJPY,WSJ.CORN_2,-0.4882321384546
EURNZD,WSJ.CORN_2,-0.340165519860961
EURUSD,WSJ.CORN_2,0.180323622927479
GBPAUD,WSJ.CORN_2,-0.674367278832217
GBPCAD,WSJ.CORN_2,-0.572841413648547
GBPCHF,WSJ.CORN_2,-0.373772905328184
GBPJPY,WSJ.CORN_2,-0.471577699403179
GBPNZD,WSJ.CORN_2,-0.504484648746309
GBPUSD,WSJ.CORN_2,-0.0844844175870237
NZDCAD,WSJ.CORN_2,0.0411992288514143
NZDCHF,WSJ.CORN_2,0.0250044427283657
NZDJPY,WSJ.CORN_2,-0.232631798779599
NZDUSD,WSJ.CORN_2,0.535183525709538
USDCAD,WSJ.CORN_2,-0.589898576312938
USDCHF,WSJ.CORN_2,-0.55790539403081
USDJPY,WSJ.CORN_2,-0.613600180676103
DOE.RWTC,WSJ.CORN_2,0.577210447487597
LBMA.SILVER,WSJ.CORN_2,0.832427797061591
LPPM.PLAT,WSJ.CORN_2,0.594053737439873
NASDAQOMX.NDX,WSJ.CORN_2,-0.059622612707684
NIKKEI.INDEX,WSJ.CORN_2,-0.758176068563571
OFDP.COPPER_6,WSJ.CORN_2,0.726615565736907
YAHOO.INDEX_AORD,WSJ.CORN_2,-0.260273573232555
YAHOO.INDEX_FCHI,WSJ.CORN_2,-0.371091063827671
YAHOO.INDEX_GDAXI,WSJ.CORN_2,-0.134107549791555
YAHOO.INDEX_GSPC,WSJ.CORN_2,-0.101502679352634
YAHOO.INDEX_GSPTSE,WSJ.CORN_2,0.0128613650077424
YAHOO.INDEX_SSEC,WSJ.CORN_2,-0.384403021941591
BCB.UDJIAD1,YAHOO.INDEX_AORD,0.628308781208111
BUNDESBANK.BBK01_WT5511,YAHOO.INDEX_AORD,-0.137758479561694
AUDCAD,YAHOO.INDEX_AORD,-0.0256196394700131
AUDCHF,YAHOO.INDEX_AORD,0.105836790848609
AUDJPY,YAHOO.INDEX_AORD,0.859953294166628
AUDNZD,YAHOO.INDEX_AORD,-0.417527760464158
AUDUSD,YAHOO.INDEX_AORD,0.0272646133521062
CADCHF,YAHOO.INDEX_AORD,0.120352175022386
CADJPY,YAHOO.INDEX_AORD,0.826790954147474
CHFJPY,YAHOO.INDEX_AORD,0.615551513287881
EURAUD,YAHOO.INDEX_AORD,-0.0707064163044378
EURCAD,YAHOO.INDEX_AORD,-0.0802804106872387
EURCHF,YAHOO.INDEX_AORD,0.0691437673784339
EURGBP,YAHOO.INDEX_AORD,-0.447065180689393
EURJPY,YAHOO.INDEX_AORD,0.662914038663994
EURNZD,YAHOO.INDEX_AORD,-0.307813626438405
EURUSD,YAHOO.INDEX_AORD,0.0810312634332167
GBPAUD,YAHOO.INDEX_AORD,0.224787134403965
GBPCAD,YAHOO.INDEX_AORD,0.307681045414827
GBPCHF,YAHOO.INDEX_AORD,0.271109515565579
GBPJPY,YAHOO.INDEX_AORD,0.638037339536824
GBPNZD,YAHOO.INDEX_AORD,0.0804658450434455
GBPUSD,YAHOO.INDEX_AORD,0.510794969961373
NZDCAD,YAHOO.INDEX_AORD,0.327826397476327
NZDCHF,YAHOO.INDEX_AORD,0.389451632714369
NZDJPY,YAHOO.INDEX_AORD,0.806911664871386
NZDUSD,YAHOO.INDEX_AORD,0.325724260870528
USDCAD,YAHOO.INDEX_AORD,-0.106648130873757
USDCHF,YAHOO.INDEX_AORD,0.000931469128850992
USDJPY,YAHOO.INDEX_AORD,0.582322552868453
DOE.RWTC,YAHOO.INDEX_AORD,0.181963820309888
LBMA.SILVER,YAHOO.INDEX_AORD,-0.123801521688615
LPPM.PLAT,YAHOO.INDEX_AORD,0.17173810931573
NASDAQOMX.NDX,YAHOO.INDEX_AORD,0.401043811838184
NIKKEI.INDEX,YAHOO.INDEX_AORD,0.633254229064923
OFDP.COPPER_6,YAHOO.INDEX_AORD,-0.794824216373904
WSJ.CORN_2,YAHOO.INDEX_AORD,-0.260273573232555
YAHOO.INDEX_FCHI,YAHOO.INDEX_AORD,0.850286815920024
YAHOO.INDEX_GDAXI,YAHOO.INDEX_AORD,0.649934125113152
YAHOO.INDEX_GSPC,YAHOO.INDEX_AORD,0.645689616361591
YAHOO.INDEX_GSPTSE,YAHOO.INDEX_AORD,0.811864883038758
YAHOO.INDEX_SSEC,YAHOO.INDEX_AORD,0.618624837244997
BCB.UDJIAD1,YAHOO.INDEX_FCHI,0.372284226525757
BUNDESBANK.BBK01_WT5511,YAHOO.INDEX_FCHI,-0.559244000594737
AUDCAD,YAHOO.INDEX_FCHI,-0.36172890776148
AUDCHF,YAHOO.INDEX_FCHI,0.151060999799071
AUDJPY,YAHOO.INDEX_FCHI,0.706685213974165
AUDNZD,YAHOO.INDEX_FCHI,-0.571450805400539
AUDUSD,YAHOO.INDEX_FCHI,-0.35032173424601
CADCHF,YAHOO.INDEX_FCHI,0.359214829575303
CADJPY,YAHOO.INDEX_FCHI,0.888854154526029
CHFJPY,YAHOO.INDEX_FCHI,0.457002738827006
EURAUD,YAHOO.INDEX_FCHI,0.242990331329129
EURCAD,YAHOO.INDEX_FCHI,0.110838400493985
EURCHF,YAHOO.INDEX_FCHI,0.36611271245878
EURGBP,YAHOO.INDEX_FCHI,-0.764766010602018
EURJPY,YAHOO.INDEX_FCHI,0.800410731482109
EURNZD,YAHOO.INDEX_FCHI,-0.0941201200131597
EURUSD,YAHOO.INDEX_FCHI,-0.094816432455436
GBPAUD,YAHOO.INDEX_FCHI,0.633753871556337
GBPCAD,YAHOO.INDEX_FCHI,0.678214188600784
GBPCHF,YAHOO.INDEX_FCHI,0.643014324974279
GBPJPY,YAHOO.INDEX_FCHI,0.891687207080851
GBPNZD,YAHOO.INDEX_FCHI,0.484982302084113
GBPUSD,YAHOO.INDEX_FCHI,0.702076164644479
NZDCAD,YAHOO.INDEX_FCHI,0.186356723530652
NZDCHF,YAHOO.INDEX_FCHI,0.563209021612681
NZDJPY,YAHOO.INDEX_FCHI,0.76786089032267
NZDUSD,YAHOO.INDEX_FCHI,-0.0433672616787886
USDCAD,YAHOO.INDEX_FCHI,0.203559561710462
USDCHF,YAHOO.INDEX_FCHI,0.44060210820906
USDJPY,YAHOO.INDEX_FCHI,0.818090072341156
DOE.RWTC,YAHOO.INDEX_FCHI,-0.149302807229556
LBMA.SILVER,YAHOO.INDEX_FCHI,-0.466263918647799
LPPM.PLAT,YAHOO.INDEX_FCHI,-0.186642477916051
NASDAQOMX.NDX,YAHOO.INDEX_FCHI,0.121605994728221
NIKKEI.INDEX,YAHOO.INDEX_FCHI,0.903652228179489
OFDP.COPPER_6,YAHOO.INDEX_FCHI,-0.817191100901866
WSJ.CORN_2,YAHOO.INDEX_FCHI,-0.371091063827671
YAHOO.INDEX_AORD,YAHOO.INDEX_FCHI,0.850286815920024
YAHOO.INDEX_GDAXI,YAHOO.INDEX_FCHI,0.370732570882689
YAHOO.INDEX_GSPC,YAHOO.INDEX_FCHI,0.442629968822391
YAHOO.INDEX_GSPTSE,YAHOO.INDEX_FCHI,0.513341614117411
YAHOO.INDEX_SSEC,YAHOO.INDEX_FCHI,0.383972489891467
BCB.UDJIAD1,YAHOO.INDEX_GDAXI,0.956098430993567
BUNDESBANK.BBK01_WT5511,YAHOO.INDEX_GDAXI,0.374145593965471
AUDCAD,YAHOO.INDEX_GDAXI,0.373762443163822
AUDCHF,YAHOO.INDEX_GDAXI,-0.475439558560088
AUDJPY,YAHOO.INDEX_GDAXI,0.602098922043617
AUDNZD,YAHOO.INDEX_GDAXI,-0.393355882815
AUDUSD,YAHOO.INDEX_GDAXI,0.139995473192481
CADCHF,YAHOO.INDEX_GDAXI,-0.601255202579276
CADJPY,YAHOO.INDEX_GDAXI,0.323800475824685
CHFJPY,YAHOO.INDEX_GDAXI,0.884954015982389
EURAUD,YAHOO.INDEX_GDAXI,-0.422185213867317
EURCAD,YAHOO.INDEX_GDAXI,-0.300399149291184
EURCHF,YAHOO.INDEX_GDAXI,-0.658243823523539
EURGBP,YAHOO.INDEX_GDAXI,-0.0845820248760647
EURJPY,YAHOO.INDEX_GDAXI,0.128099524629435
EURNZD,YAHOO.INDEX_GDAXI,-0.636957414018565
EURUSD,YAHOO.INDEX_GDAXI,-0.300739886458734
GBPAUD,YAHOO.INDEX_GDAXI,-0.25279312436442
GBPCAD,YAHOO.INDEX_GDAXI,-0.12254559881989
GBPCHF,YAHOO.INDEX_GDAXI,-0.4304768221725
GBPJPY,YAHOO.INDEX_GDAXI,0.0940570680317471
GBPNZD,YAHOO.INDEX_GDAXI,-0.473466272695141
GBPUSD,YAHOO.INDEX_GDAXI,-0.197141724830401
NZDCAD,YAHOO.INDEX_GDAXI,0.646943795725914
NZDCHF,YAHOO.INDEX_GDAXI,-0.215304352696888
NZDJPY,YAHOO.INDEX_GDAXI,0.632078384000718
NZDUSD,YAHOO.INDEX_GDAXI,0.450412642922158
USDCAD,YAHOO.INDEX_GDAXI,0.0845785315382385
USDCHF,YAHOO.INDEX_GDAXI,-0.546210316186542
USDJPY,YAHOO.INDEX_GDAXI,0.319478596566128
DOE.RWTC,YAHOO.INDEX_GDAXI,0.121652486981445
LBMA.SILVER,YAHOO.INDEX_GDAXI,0.195408259539118
LPPM.PLAT,YAHOO.INDEX_GDAXI,0.106298827908006
NASDAQOMX.NDX,YAHOO.INDEX_GDAXI,0.935498778232575
NIKKEI.INDEX,YAHOO.INDEX_GDAXI,0.920445800876246
OFDP.COPPER_6,YAHOO.INDEX_GDAXI,-0.844249395486976
WSJ.CORN_2,YAHOO.INDEX_GDAXI,-0.134107549791555
YAHOO.INDEX_AORD,YAHOO.INDEX_GDAXI,0.649934125113152
YAHOO.INDEX_FCHI,YAHOO.INDEX_GDAXI,0.370732570882689
YAHOO.INDEX_GSPC,YAHOO.INDEX_GDAXI,0.947407582931047
YAHOO.INDEX_GSPTSE,YAHOO.INDEX_GDAXI,0.840731075611053
YAHOO.INDEX_SSEC,YAHOO.INDEX_GDAXI,0.442166279725444
BCB.UDJIAD1,YAHOO.INDEX_GSPC,0.988986825624884
BUNDESBANK.BBK01_WT5511,YAHOO.INDEX_GSPC,0.236355659299411
AUDCAD,YAHOO.INDEX_GSPC,0.356478541824443
AUDCHF,YAHOO.INDEX_GSPC,-0.437410431636448
AUDJPY,YAHOO.INDEX_GSPC,0.673400399207454
AUDNZD,YAHOO.INDEX_GSPC,-0.563902131095754
AUDUSD,YAHOO.INDEX_GSPC,0.0554158861760202
CADCHF,YAHOO.INDEX_GSPC,-0.5556205064904
CADJPY,YAHOO.INDEX_GSPC,0.404226011563935
CHFJPY,YAHOO.INDEX_GSPC,0.91253538220202
EURAUD,YAHOO.INDEX_GSPC,-0.393477228782688
EURCAD,YAHOO.INDEX_GSPC,-0.259579679700673
EURCHF,YAHOO.INDEX_GSPC,-0.599447163943589
EURGBP,YAHOO.INDEX_GSPC,-0.27285429335725
EURJPY,YAHOO.INDEX_GSPC,0.21634884311494
EURNZD,YAHOO.INDEX_GSPC,-0.712602474625458
EURUSD,YAHOO.INDEX_GSPC,-0.38651917259002
GBPAUD,YAHOO.INDEX_GSPC,-0.115550431390794
GBPCAD,YAHOO.INDEX_GSPC,0.0554159198458639
GBPCHF,YAHOO.INDEX_GSPC,-0.290572758273355
GBPJPY,YAHOO.INDEX_GSPC,0.238878105675335
GBPNZD,YAHOO.INDEX_GSPC,-0.396205170257604
GBPUSD,YAHOO.INDEX_GSPC,-0.0761493084968979
NZDCAD,YAHOO.INDEX_GSPC,0.771775994319169
NZDCHF,YAHOO.INDEX_GSPC,-0.0486246459428029
NZDJPY,YAHOO.INDEX_GSPC,0.761169026276316
NZDUSD,YAHOO.INDEX_GSPC,0.460396443194893
USDCAD,YAHOO.INDEX_GSPC,0.191475855309641
USDCHF,YAHOO.INDEX_GSPC,-0.425405561244951
USDJPY,YAHOO.INDEX_GSPC,0.450209913778898
DOE.RWTC,YAHOO.INDEX_GSPC,0.070435023916633
LBMA.SILVER,YAHOO.INDEX_GSPC,0.0704533950758972
LPPM.PLAT,YAHOO.INDEX_GSPC,-0.0340584668617817
NASDAQOMX.NDX,YAHOO.INDEX_GSPC,0.929846176139154
NIKKEI.INDEX,YAHOO.INDEX_GSPC,0.900558765147114
OFDP.COPPER_6,YAHOO.INDEX_GSPC,-0.863630431275344
WSJ.CORN_2,YAHOO.INDEX_GSPC,-0.101502679352634
YAHOO.INDEX_AORD,YAHOO.INDEX_GSPC,0.645689616361591
YAHOO.INDEX_FCHI,YAHOO.INDEX_GSPC,0.442629968822391
YAHOO.INDEX_GDAXI,YAHOO.INDEX_GSPC,0.947407582931047
YAHOO.INDEX_GSPTSE,YAHOO.INDEX_GSPC,0.796518491456634
YAHOO.INDEX_SSEC,YAHOO.INDEX_GSPC,0.273558543745181
BCB.UDJIAD1,YAHOO.INDEX_GSPTSE,0.811487869556607
BUNDESBANK.BBK01_WT5511,YAHOO.INDEX_GSPTSE,0.328048042118413
AUDCAD,YAHOO.INDEX_GSPTSE,0.390280587074505
AUDCHF,YAHOO.INDEX_GSPTSE,-0.0866582229813364
AUDJPY,YAHOO.INDEX_GSPTSE,0.777485342457406
AUDNZD,YAHOO.INDEX_GSPTSE,-0.20048439486059
AUDUSD,YAHOO.INDEX_GSPTSE,0.356463590793448
CADCHF,YAHOO.INDEX_GSPTSE,-0.288632990313895
CADJPY,YAHOO.INDEX_GSPTSE,0.493905207503597
CHFJPY,YAHOO.INDEX_GSPTSE,0.717016049468674
EURAUD,YAHOO.INDEX_GSPTSE,-0.448039540527706
EURCAD,YAHOO.INDEX_GSPTSE,-0.311003019211898
EURCHF,YAHOO.INDEX_GSPTSE,-0.394048287047306
EURGBP,YAHOO.INDEX_GSPTSE,-0.118957557319237
EURJPY,YAHOO.INDEX_GSPTSE,0.280734948947113
EURNZD,YAHOO.INDEX_GSPTSE,-0.554794136721022
EURUSD,YAHOO.INDEX_GSPTSE,0.0487491409546453
GBPAUD,YAHOO.INDEX_GSPTSE,-0.234546696302305
GBPCAD,YAHOO.INDEX_GSPTSE,-0.0943014733860915
GBPCHF,YAHOO.INDEX_GSPTSE,-0.221150292751452
GBPJPY,YAHOO.INDEX_GSPTSE,0.218086962841883
GBPNZD,YAHOO.INDEX_GSPTSE,-0.36426971265227
GBPUSD,YAHOO.INDEX_GSPTSE,0.125444628232559
NZDCAD,YAHOO.INDEX_GSPTSE,0.489728640303702
NZDCHF,YAHOO.INDEX_GSPTSE,0.0340479908810445
NZDJPY,YAHOO.INDEX_GSPTSE,0.657301170872088
NZDUSD,YAHOO.INDEX_GSPTSE,0.585441168434193
USDCAD,YAHOO.INDEX_GSPTSE,-0.253494265995311
USDCHF,YAHOO.INDEX_GSPTSE,-0.470624623691318
USDJPY,YAHOO.INDEX_GSPTSE,0.25119091211402
DOE.RWTC,YAHOO.INDEX_GSPTSE,0.420514311248115
LBMA.SILVER,YAHOO.INDEX_GSPTSE,0.300836568714106
LPPM.PLAT,YAHOO.INDEX_GSPTSE,0.432731970581593
NASDAQOMX.NDX,YAHOO.INDEX_GSPTSE,0.702804855067667
NIKKEI.INDEX,YAHOO.INDEX_GSPTSE,0.547221973463412
OFDP.COPPER_6,YAHOO.INDEX_GSPTSE,-0.724868401639912
WSJ.CORN_2,YAHOO.INDEX_GSPTSE,0.0128613650077424
YAHOO.INDEX_AORD,YAHOO.INDEX_GSPTSE,0.811864883038758
YAHOO.INDEX_FCHI,YAHOO.INDEX_GSPTSE,0.513341614117411
YAHOO.INDEX_GDAXI,YAHOO.INDEX_GSPTSE,0.840731075611053
YAHOO.INDEX_GSPC,YAHOO.INDEX_GSPTSE,0.796518491456634
YAHOO.INDEX_SSEC,YAHOO.INDEX_GSPTSE,0.519225278851911
BCB.UDJIAD1,YAHOO.INDEX_SSEC,0.299287419274904
BUNDESBANK.BBK01_WT5511,YAHOO.INDEX_SSEC,0.113424188090926
AUDCAD,YAHOO.INDEX_SSEC,-0.00531387034593742
AUDCHF,YAHOO.INDEX_SSEC,-0.0118015890899947
AUDJPY,YAHOO.INDEX_SSEC,0.386814891157758
AUDNZD,YAHOO.INDEX_SSEC,0.0418250939747019
AUDUSD,YAHOO.INDEX_SSEC,0.10902954777238
CADCHF,YAHOO.INDEX_SSEC,-0.00538214132960857
CADJPY,YAHOO.INDEX_SSEC,0.370884557094632
CHFJPY,YAHOO.INDEX_SSEC,0.332655320939547
EURAUD,YAHOO.INDEX_SSEC,-0.0245027888965723
EURCAD,YAHOO.INDEX_SSEC,-0.0170253136884336
EURCHF,YAHOO.INDEX_SSEC,-0.00557208725376325
EURGBP,YAHOO.INDEX_SSEC,-0.00555207285017485
EURJPY,YAHOO.INDEX_SSEC,0.304827288397219
EURNZD,YAHOO.INDEX_SSEC,0.0125902695966985
EURUSD,YAHOO.INDEX_SSEC,0.220270943687335
GBPAUD,YAHOO.INDEX_SSEC,-0.0263922439428278
GBPCAD,YAHOO.INDEX_SSEC,-0.0190143882459198
GBPCHF,YAHOO.INDEX_SSEC,-0.0190222562233148
GBPJPY,YAHOO.INDEX_SSEC,0.204278780833433
GBPNZD,YAHOO.INDEX_SSEC,0.000101128143353178
GBPUSD,YAHOO.INDEX_SSEC,0.184754948078162
NZDCAD,YAHOO.INDEX_SSEC,-0.0367837745554711
NZDCHF,YAHOO.INDEX_SSEC,-0.0626610004937196
NZDJPY,YAHOO.INDEX_SSEC,0.259047431514025
NZDUSD,YAHOO.INDEX_SSEC,0.109251804193567
USDCAD,YAHOO.INDEX_SSEC,-0.175673316417871
USDCHF,YAHOO.INDEX_SSEC,-0.184255453244175
USDJPY,YAHOO.INDEX_SSEC,0.169157570597
DOE.RWTC,YAHOO.INDEX_SSEC,0.0701124909280193
LBMA.SILVER,YAHOO.INDEX_SSEC,0.0843415925896024
LPPM.PLAT,YAHOO.INDEX_SSEC,0.297552774934016
NASDAQOMX.NDX,YAHOO.INDEX_SSEC,0.24120948943914
NIKKEI.INDEX,YAHOO.INDEX_SSEC,0.849294692772576
OFDP.COPPER_6,YAHOO.INDEX_SSEC,-0.567632138476663
WSJ.CORN_2,YAHOO.INDEX_SSEC,-0.384403021941591
YAHOO.INDEX_AORD,YAHOO.INDEX_SSEC,0.618624837244997
YAHOO.INDEX_FCHI,YAHOO.INDEX_SSEC,0.383972489891467
YAHOO.INDEX_GDAXI,YAHOO.INDEX_SSEC,0.442166279725444
YAHOO.INDEX_GSPC,YAHOO.INDEX_SSEC,0.273558543745181
YAHOO.INDEX_GSPTSE,YAHOO.INDEX_SSEC,0.519225278851911
